source,target
"Buddy Holly","The Beatles"
"Carl Perkins","The Beatles"
"Chuck Berry","The Beatles"
"Elvis Presley","The Beatles"
"Fats Domino","The Beatles"
"Gene Vincent","The Beatles"
"Little Richard","The Beatles"
"Lonnie Donegan","The Beatles"
"Phil Spector","The Beatles"
"Ravi Shankar","The Beatles"
"Roy Orbison","The Beatles"
"The Everly Brothers","The Beatles"
"The Isley Brothers","The Beatles"
"Arthur Alexander","The Beatles"
"Eddie Cochran","The Beatles"
"Larry Williams","The Beatles"
"Smokey Robinson","The Beatles"
"Bob Dylan","The Beatles"
"The Shirelles","The Beatles"
"Little Willie John","The Beatles"
"The Marvelettes","The Beatles"
"The Shadows","The Beatles"
"Bill Haley","The Beatles"
"Buck Owens","The Beatles"
"Jerry Lee Lewis","The Beatles"
"The Beatles","10cc"
"The Beatles","Badfinger"
"The Beatles","Bee Gees"
"The Beatles","Cheap Trick"
"The Beatles","David Bowie"
"The Beatles","Donovan"
"The Beatles","Electric Light Orchestra"
"The Beatles","Harry Nilsson"
"The Beatles","Oasis"
"The Beatles","The Byrds"
"The Beatles","The Monkees"
"The Beatles","The Moody Blues"
"The Beatles","The Rutles"
"The Beatles","The Zombies"
"The Beatles","Todd Rundgren"
"The Beatles","Aerosmith"
"The Beatles","Big Star"
"The Beatles","Billy Joel"
"The Beatles","Boston"
"The Beatles","Bryan Adams"
"The Beatles","Caleb Nichols"
"The Beatles","Carpenters"
"The Beatles","Cat Stevens"
"The Beatles","Colin Scot"
"The Beatles","Cream"
"The Beatles","Crowded House"
"The Beatles","Dwight Twilley"
"The Beatles","Elton John"
"The Beatles","Emitt Rhodes"
"The Beatles","Flamin' Groovies"
"The Beatles","Foo Fighters"
"The Beatles","Genesis"
"The Beatles","HAIM"
"The Beatles","Jeff Lynne"
"The Beatles","Jefferson Airplane"
"The Beatles","Jellyfish"
"The Beatles","Jimi Hendrix"
"The Beatles","Jonathan Richman"
"The Beatles","Judy Collins"
"The Beatles","Love"
"The Beatles","Matthew Sweet"
"The Beatles","Moby Grape"
"The Beatles","Peter & Gordon"
"The Beatles","Peter Frampton"
"The Beatles","Pink Floyd"
"The Beatles","Pixies"
"The Beatles","Raphael Saadiq"
"The Beatles","Rick Springfield"
"The Beatles","Robyn Hitchcock"
"The Beatles","Simon & Garfunkel"
"The Beatles","Sonny & Cher"
"The Beatles","Squeeze"
"The Beatles","Syd Barrett"
"The Beatles","T. Rex"
"The Beatles","The Association"
"The Beatles","The Beau Brummels"
"The Beatles","The Cars"
"The Beatles","The dB's"
"The Beatles","The Dukes of Stratosphear"
"The Beatles","The Jam"
"The Beatles","The Knack"
"The Beatles","The La's"
"The Beatles","The Left Banke"
"The Beatles","The London Souls"
"The Beatles","The Lovin' Spoonful"
"The Beatles","The Mamas & the Papas"
"The Beatles","The Move"
"The Beatles","The Raspberries"
"The Beatles","The Residents"
"The Beatles","The Spongetones"
"The Beatles","The Stone Roses"
"The Beatles","The Turtles"
"The Beatles","The Who"
"The Beatles","Tom Petty"
"The Beatles","XTC"
"The Beatles","Yes"
"The Beatles","ABBA"
"The Beatles","ABC"
"The Beatles","Alan Menken"
"The Beatles","Ambrosia"
"The Beatles","Argent"
"The Beatles","Aztec Camera"
"The Beatles","Bastille"
"The Beatles","Bay City Rollers"
"The Beatles","Billy Squier"
"The Beatles","Blue Öyster Cult"
"The Beatles","Blur"
"The Beatles","Bread"
"The Beatles","Buffalo Springfield"
"The Beatles","Carwyn Ellis"
"The Beatles","Chad & Jeremy"
"The Beatles","Coldplay"
"The Beatles","Elliott Smith"
"The Beatles","Emerson, Lake & Palmer"
"The Beatles","Everything Everything"
"The Beatles","Fleetwood Mac"
"The Beatles","Herman's Hermits"
"The Beatles","Hüsker Dü"
"The Beatles","Imagine Dragons"
"The Beatles","Iron Butterfly"
"The Beatles","James Taylor"
"The Beatles","Jason Falkner"
"The Beatles","Joe Jackson"
"The Beatles","Juanes"
"The Beatles","Led Zeppelin"
"The Beatles","Lloyd Cole"
"The Beatles","Manfred Mann"
"The Beatles","Marshall Crenshaw"
"The Beatles","Mary Chapin Carpenter"
"The Beatles","Mumford & Sons"
"The Beatles","Neutral Milk Hotel"
"The Beatles","Niall Horan"
"The Beatles","Nick Lowe"
"The Beatles","Ovens"
"The Beatles","Panic! At the Disco"
"The Beatles","Prefab Sprout"
"The Beatles","Procol Harum"
"The Beatles","Queen"
"The Beatles","R. Stevie Moore"
"The Beatles","Rockpile"
"The Beatles","Steely Dan"
"The Beatles","Supergrass"
"The Beatles","Supertramp"
"The Beatles","Teenage Fanclub"
"The Beatles","The Alan Parsons Project"
"The Beatles","The Apples in Stereo"
"The Beatles","The Brother Brothers"
"The Beatles","The Chameleons"
"The Beatles","The Church"
"The Beatles","The Dream Academy"
"The Beatles","The Feelies"
"The Beatles","The Go-Go's"
"The Beatles","The Guess Who"
"The Beatles","The House of Love"
"The Beatles","The Idle Race"
"The Beatles","The Iveys"
"The Beatles","The Merry-Go-Round"
"The Beatles","The Nazz"
"The Beatles","The Neon Philharmonic"
"The Beatles","The Nice"
"The Beatles","The Police"
"The Beatles","The Posies"
"The Beatles","The Replacements"
"The Beatles","The Smithereens"
"The Beatles","The Soft Boys"
"The Beatles","The Three O'Clock"
"The Beatles","Timothy Monger"
"The Beatles","Traffic"
"The Beatles","Travis"
"The Beatles","U2"
"The Beatles","Utopia"
"The Beatles","World Party"
"The Beatles","Ari Roar"
"The Beatles","Belle and Sebastian"
"The Beatles","Cage the Elephant"
"The Beatles","Freddie & the Dreamers"
"The Beatles","George Michael"
"The Beatles","Grateful Dead"
"The Beatles","It's a Beautiful Day"
"The Beatles","Jackson Browne"
"The Beatles","Kansas"
"The Beatles","Kate Bush"
"The Beatles","King Crimson"
"The Beatles","Lenny Kravitz"
"The Beatles","M. Ward"
"The Beatles","Marmalade"
"The Beatles","Michael Jackson"
"The Beatles","Mott the Hoople"
"The Beatles","Nirvana"
"The Beatles","One Direction"
"The Beatles","Patti LaBelle"
"The Beatles","Prince"
"The Beatles","Quicksilver Messenger Service"
"The Beatles","Seal"
"The Beatles","Sebadoh"
"The Beatles","Sloan"
"The Beatles","Small Faces"
"The Beatles","Spirit"
"The Beatles","Split Enz"
"The Beatles","Spoon"
"The Beatles","Status Quo"
"The Beatles","The Rockin' Berries"
"The Beatles","The Rubinoos"
"The Beatles","The Sir Douglas Quintet"
"The Beatles","Third Eye Blind"
"The Beatles","Vanilla Fudge"
"The Beatles","Weezer"
"The Beatles","Aaron Lee Tasjan"
"The Beatles","AJ Mitchell"
"The Beatles","Andy Bell"
"The Beatles","Apoptygma Berzerk"
"The Beatles","Big Time Rush"
"The Beatles","Billie Eilish"
"The Beatles","Blossom Toes"
"The Beatles","Blossoms"
"The Beatles","Burton Cummings"
"The Beatles","Claire Rosinkranz"
"The Beatles","Claypool Lennon Delirium"
"The Beatles","Color Bars"
"The Beatles","Dan Luke and the Raid"
"The Beatles","Danger Mouse"
"The Beatles","Devan Dubois"
"The Beatles","Dodgy"
"The Beatles","Ellie Pop"
"The Beatles","Fanny"
"The Beatles","Fauna Flora"
"The Beatles","Fictionist"
"The Beatles","Finish Ticket"
"The Beatles","Finn Brothers"
"The Beatles","Forever in Your Mind"
"The Beatles","Francis Lung"
"The Beatles","Fruition"
"The Beatles","Gary Puckett & the Union Gap"
"The Beatles","Glee"
"The Beatles","Hailey Knox"
"The Beatles","Harry Styles"
"The Beatles","James Supercave"
"The Beatles","Jigsaw"
"The Beatles","Jim Croce"
"The Beatles","John McCullagh"
"The Beatles","John the Blind"
"The Beatles","Johnnie Mikel"
"The Beatles","Johnny Payne"
"The Beatles","Kevin Kiner"
"The Beatles","Klangstof"
"The Beatles","Kyle Craft"
"The Beatles","L.A. Salami"
"The Beatles","Laurie Jones"
"The Beatles","Lennon Stella"
"The Beatles","Levitation Room"
"The Beatles","Lukas Graham"
"The Beatles","Mainland"
"The Beatles","Matt Simons"
"The Beatles","Max Webster"
"The Beatles","Mayday"
"The Beatles","Michael W. Smith"
"The Beatles","Mikey Wax"
"The Beatles","Mo Troper"
"The Beatles","Nick Howard"
"The Beatles","Nick Piunti"
"The Beatles","Noel Gallagher's High Flying Birds"
"The Beatles","OneRepublic"
"The Beatles","Pablo Cruise"
"The Beatles","Papooz"
"The Beatles","Pete Macleod"
"The Beatles","Phil Ajjarapu"
"The Beatles","Portugal. The Man"
"The Beatles","Rodney Crowell"
"The Beatles","San Mei"
"The Beatles","Shawn Hook"
"The Beatles","Sivert Høyem"
"The Beatles","Spanky & Our Gang"
"The Beatles","Sweet Baboo"
"The Beatles","Switchfoot"
"The Beatles","Telly Leung"
"The Beatles","The Aerovons"
"The Beatles","The Creases"
"The Beatles","The Empty Hearts"
"The Beatles","The Equals"
"The Beatles","The Jaded Hearts Club"
"The Beatles","The Kik"
"The Beatles","The Legal Matters"
"The Beatles","The Lemon Twigs"
"The Beatles","The Maine"
"The Beatles","The Milk Carton Kids"
"The Beatles","The Pretty Reckless"
"The Beatles","The Shilohs"
"The Beatles","Tom Wardle"
"The Beatles","Train"
"The Beatles","Trent Dabbs"
"The Beatles","Trevor James Tillery"
"The Beatles","Viola Beach"
"The Beatles","Violet Days"
"The Beatles","Yungblud"
"The Beatles","Zedd"
"The Beatles","Zuzu"
"Elvis Presley","Buddy Holly"
"Hank Ballard","Buddy Holly"
"Hank Williams","Buddy Holly"
"The Clovers","Buddy Holly"
"Bo Diddley","Buddy Holly"
"Bob Wills","Buddy Holly"
"Hank Snow","Buddy Holly"
"Jerry Lee Lewis","Buddy Holly"
"Jimmie Rodgers","Buddy Holly"
"The Carter Family","Buddy Holly"
"Merle Travis","Buddy Holly"
"Johnnie & Jack","Buddy Holly"
"The Louvin Brothers","Buddy Holly"
"Buddy Holly","Bruce Springsteen"
"Buddy Holly","Heinz"
"Buddy Holly","The Byrds"
"Buddy Holly","The Hollies"
"Buddy Holly","Billy Fury"
"Buddy Holly","Bobby Vee"
"Buddy Holly","Cliff Richard"
"Buddy Holly","Colin Scot"
"Buddy Holly","Del Shannon"
"Buddy Holly","Don McLean"
"Buddy Holly","Elton John"
"Buddy Holly","Elvis Costello"
"Buddy Holly","Fleetwood Mac"
"Buddy Holly","Freddie & the Dreamers"
"Buddy Holly","Gerry & the Pacemakers"
"Buddy Holly","Harry Nilsson"
"Buddy Holly","James Taylor"
"Buddy Holly","Neil Diamond"
"Buddy Holly","P.F. Sloan"
"Buddy Holly","Paul McCartney"
"Buddy Holly","Ritchie Valens"
"Buddy Holly","The Dave Clark Five"
"Buddy Holly","The Searchers"
"Buddy Holly","Tom Petty"
"Buddy Holly","Weezer"
"Buddy Holly","Bee Gees"
"Buddy Holly","Bob Dylan"
"Buddy Holly","Bobby Fuller"
"Buddy Holly","Brian Poole & the Tremeloes"
"Buddy Holly","Buddy Knox"
"Buddy Holly","Creedence Clearwater Revival"
"Buddy Holly","Flamin' Groovies"
"Buddy Holly","Gene Pitney"
"Buddy Holly","Gram Parsons"
"Buddy Holly","Jeff Beck"
"Buddy Holly","Joe Ely"
"Buddy Holly","Joe Jackson"
"Buddy Holly","Joe Meek"
"Buddy Holly","John Mellencamp"
"Buddy Holly","Johnny Hallyday"
"Buddy Holly","Johnny Kidd & the Pirates"
"Buddy Holly","Marshall Crenshaw"
"Buddy Holly","Matthew Sweet"
"Buddy Holly","Nanci Griffith"
"Buddy Holly","Nick Lowe"
"Buddy Holly","Peter & Gordon"
"Buddy Holly","Roky Erickson"
"Buddy Holly","The Beach Boys"
"Buddy Holly","The Raspberries"
"Buddy Holly","The Rolling Stones"
"Buddy Holly","The Shadows"
"Buddy Holly","The Spencer Davis Group"
"Buddy Holly","The Tremeloes"
"Buddy Holly","The Troggs"
"Buddy Holly","Tommy Roe"
"Buddy Holly","David Olney"
"Buddy Holly","Grateful Dead"
"Buddy Holly","Jimmie Dale Gilmore"
"Buddy Holly","Jonathan Richman"
"Buddy Holly","Leo Sayer"
"Buddy Holly","Linda Ronstadt"
"Buddy Holly","Los Lobos"
"Buddy Holly","Monte Warden"
"Buddy Holly","Paul Anka"
"Buddy Holly","Phil Ochs"
"Buddy Holly","Ramones"
"Buddy Holly","Shoes"
"Buddy Holly","The Feelies"
"Buddy Holly","The Guess Who"
"Buddy Holly","The Raveonettes"
"Buddy Holly","The Standells"
"Buddy Holly","Tony Joe White"
"Buddy Holly","Adam Faith"
"Buddy Holly","Buddy Britten"
"Buddy Holly","Enrique Guzmán"
"Buddy Holly","Graham Gouldman"
"Buddy Holly","Jeremy & the Harlequins"
"Buddy Holly","Paul Davis"
"Buddy Holly","The Equals"
"Buddy Holly","The Fireballs"
"Buddy Holly","The Kinks"
"Buddy Holly","The Pink Spiders"
"Buddy Holly","The Singles"
"Buddy Holly","The Swinging Blue Jeans"
"Bill Monroe","Carl Perkins"
"Hank Williams","Carl Perkins"
"Jimmie Rodgers","Carl Perkins"
"Big Joe Turner","Carl Perkins"
"Ernest Tubb","Carl Perkins"
"Lefty Frizzell","Carl Perkins"
"Roy Acuff","Carl Perkins"
"Arthur ""Big Boy"" Crudup","Carl Perkins"
"Roy Brown","Carl Perkins"
"Wynonie Harris","Carl Perkins"
"Carl Perkins","Brian Setzer"
"Carl Perkins","Dave Edmunds"
"Carl Perkins","Duane Eddy"
"Carl Perkins","Shakin' Stevens"
"Carl Perkins","Stray Cats"
"Carl Perkins","NRBQ"
"Carl Perkins","Robert Gordon"
"Carl Perkins","The Kinks"
"Carl Perkins","The Polecats"
"Carl Perkins","Them"
"Carl Perkins","Carlene Carter"
"Carl Perkins","Rockats"
"Carl Perkins","Sleepy LaBeef"
"Carl Perkins","The Blasters"
"Carl Perkins","The Hollies"
"Big Joe Turner","Chuck Berry"
"Charlie Christian","Chuck Berry"
"Elmore James","Chuck Berry"
"Louis Jordan","Chuck Berry"
"Muddy Waters","Chuck Berry"
"Ray Charles","Chuck Berry"
"T-Bone Walker","Chuck Berry"
"Bob Wills","Chuck Berry"
"Charles Brown","Chuck Berry"
"Hank Williams","Chuck Berry"
"Les Paul","Chuck Berry"
"Nat King Cole","Chuck Berry"
"Jackie Brenston","Chuck Berry"
"Roy Brown","Chuck Berry"
"Willie Dixon","Chuck Berry"
"Arthur ""Big Boy"" Crudup","Chuck Berry"
"Little Willie John","Chuck Berry"
"Roy Milton","Chuck Berry"
"George Benson","Chuck Berry"
"Chuck Berry","Bruno Mars"
"Chuck Berry","Jeff Beck"
"Chuck Berry","Jimi Hendrix"
"Chuck Berry","Robert Cray"
"Chuck Berry","The Rolling Stones"
"Chuck Berry","Tom Petty"
"Chuck Berry","Aerosmith"
"Chuck Berry","Bruce Springsteen"
"Chuck Berry","Faces"
"Chuck Berry","Freddy Cannon"
"Chuck Berry","Gary ""U.S."" Bonds"
"Chuck Berry","George Thorogood"
"Chuck Berry","Neil Young"
"Chuck Berry","Robbie Robertson"
"Chuck Berry","Ronnie Hawkins"
"Chuck Berry","The Allman Brothers Band"
"Chuck Berry","The Kinks"
"Chuck Berry","The Who"
"Chuck Berry","The Yardbirds"
"Chuck Berry","AC/DC"
"Chuck Berry","Bob Seger"
"Chuck Berry","Brinsley Schwarz"
"Chuck Berry","Dave Edmunds"
"Chuck Berry","Del Shannon"
"Chuck Berry","Doug Sahm"
"Chuck Berry","Dr. Feelgood"
"Chuck Berry","Duane Allman"
"Chuck Berry","Duane Eddy"
"Chuck Berry","Eddie & the Hot Rods"
"Chuck Berry","Eddy Clearwater"
"Chuck Berry","Eric Clapton"
"Chuck Berry","Flamin' Groovies"
"Chuck Berry","Grateful Dead"
"Chuck Berry","J. Geils Band"
"Chuck Berry","Joe ""King"" Carrasco"
"Chuck Berry","Joe Walsh"
"Chuck Berry","John Fogerty"
"Chuck Berry","John Hammond, Jr."
"Chuck Berry","Little Feat"
"Chuck Berry","Lonnie Mack"
"Chuck Berry","Mitch Ryder"
"Chuck Berry","Rick Nelson"
"Chuck Berry","Ritchie Valens"
"Chuck Berry","Rod Stewart"
"Chuck Berry","Roy Rogers"
"Chuck Berry","The Animals"
"Chuck Berry","The Georgia Satellites"
"Chuck Berry","The Shadows"
"Chuck Berry","The Ventures"
"Chuck Berry","Bob Dylan"
"Chuck Berry","Brian Setzer"
"Chuck Berry","Canned Heat"
"Chuck Berry","David Bowie"
"Chuck Berry","Ducks Deluxe"
"Chuck Berry","George Bedard"
"Chuck Berry","Jo Jo Gunne"
"Chuck Berry","John Lennon"
"Chuck Berry","John Mellencamp"
"Chuck Berry","Keith Richards"
"Chuck Berry","Led Zeppelin"
"Chuck Berry","Lou Reed"
"Chuck Berry","MC5"
"Chuck Berry","New York Dolls"
"Chuck Berry","Nils Lofgren"
"Chuck Berry","NRBQ"
"Chuck Berry","Quicksilver Messenger Service"
"Chuck Berry","Ramones"
"Chuck Berry","Sex Pistols"
"Chuck Berry","Ted Nugent"
"Chuck Berry","The Beach Boys"
"Chuck Berry","The Black Crowes"
"Chuck Berry","The Motors"
"Chuck Berry","The Pretty Things"
"Chuck Berry","The Velvet Underground"
"Chuck Berry","Alfie Templeman"
"Chuck Berry","Alvin Lee"
"Chuck Berry","Bunny Sigler"
"Chuck Berry","Dennis Johnson"
"Chuck Berry","Graham Gouldman"
"Chuck Berry","The Singles"
"Chuck Berry","The Sloths"
"Chuck Berry","The Swinging Blue Jeans"
"Chuck Berry","Volbeat"
"Bill Monroe","Elvis Presley"
"Dean Martin","Elvis Presley"
"Lloyd Price","Elvis Presley"
"Roy Brown","Elvis Presley"
"Wynonie Harris","Elvis Presley"
"Big Mama Thornton","Elvis Presley"
"Clyde McPhatter","Elvis Presley"
"Junior Parker","Elvis Presley"
"Kokomo Arnold","Elvis Presley"
"Little Willie John","Elvis Presley"
"Roy Hamilton","Elvis Presley"
"Arthur ""Big Boy"" Crudup","Elvis Presley"
"Freddie Bell","Elvis Presley"
"Ike Turner","Elvis Presley"
"Jimmie Rodgers","Elvis Presley"
"Jimmy Reed","Elvis Presley"
"Percy Mayfield","Elvis Presley"
"Rufus Thomas","Elvis Presley"
"Big Joe Turner","Elvis Presley"
"Hank Snow","Elvis Presley"
"Hank Williams","Elvis Presley"
"The Carter Family","Elvis Presley"
"The Ink Spots","Elvis Presley"
"The Mills Brothers","Elvis Presley"
"Frankie Laine","Elvis Presley"
"Red Foley","Elvis Presley"
"The Swan Silvertones","Elvis Presley"
"Elvis Presley","Bob Dylan"
"Elvis Presley","Conway Twitty"
"Elvis Presley","Doug Sahm"
"Elvis Presley","Paul McCartney"
"Elvis Presley","Rick Nelson"
"Elvis Presley","Ronnie Hawkins"
"Elvis Presley","Tom Jones"
"Elvis Presley","Brian Setzer"
"Elvis Presley","Bruce Springsteen"
"Elvis Presley","Cliff Richard"
"Elvis Presley","Creedence Clearwater Revival"
"Elvis Presley","Engelbert Humperdinck"
"Elvis Presley","Freddy Fender"
"Elvis Presley","Gene Pitney"
"Elvis Presley","George Harrison"
"Elvis Presley","Glen Campbell"
"Elvis Presley","Glenn Frey"
"Elvis Presley","Hasil Adkins"
"Elvis Presley","Janis Martin"
"Elvis Presley","Jim Ford"
"Elvis Presley","Joe Ely"
"Elvis Presley","Joe Strummer"
"Elvis Presley","John Lennon"
"Elvis Presley","Johnny Rivers"
"Elvis Presley","Marty Wilde"
"Elvis Presley","Neil Diamond"
"Elvis Presley","New York Dolls"
"Elvis Presley","Nick Lowe"
"Elvis Presley","Orion"
"Elvis Presley","Pat Benatar"
"Elvis Presley","Paul Anka"
"Elvis Presley","Queen"
"Elvis Presley","Ricky Martin"
"Elvis Presley","Ritchie Valens"
"Elvis Presley","Robert Plant"
"Elvis Presley","Ry Cooder"
"Elvis Presley","Social Distortion"
"Elvis Presley","Sonny Burgess"
"Elvis Presley","The Clash"
"Elvis Presley","The Everly Brothers"
"Elvis Presley","Tommy Sands"
"Elvis Presley","Wanda Jackson"
"Elvis Presley","B.J. Thomas"
"Elvis Presley","Bob Seger"
"Elvis Presley","Bobby Bare"
"Elvis Presley","Bobby Vinton"
"Elvis Presley","Bruno Mars"
"Elvis Presley","Chris Isaak"
"Elvis Presley","Del Shannon"
"Elvis Presley","Dr. Feelgood"
"Elvis Presley","Dwight Twilley"
"Elvis Presley","Dwight Yoakam"
"Elvis Presley","Elvis Costello"
"Elvis Presley","George Michael"
"Elvis Presley","Hank Williams, Jr."
"Elvis Presley","Ian Hunter"
"Elvis Presley","Jason Derulo"
"Elvis Presley","John Fogerty"
"Elvis Presley","Led Zeppelin"
"Elvis Presley","Marshall Crenshaw"
"Elvis Presley","Mink DeVille"
"Elvis Presley","Nick Cave"
"Elvis Presley","Roy Wood"
"Elvis Presley","Shelby Lynne"
"Elvis Presley","Sleepy LaBeef"
"Elvis Presley","Stray Cats"
"Elvis Presley","T. Rex"
"Elvis Presley","Terry Stafford"
"Elvis Presley","The Animals"
"Elvis Presley","The Blasters"
"Elvis Presley","The Rolling Stones"
"Elvis Presley","The Searchers"
"Elvis Presley","The Shadows"
"Elvis Presley","Waylon Jennings"
"Elvis Presley","Billy Idol"
"Elvis Presley","Bob Luman"
"Elvis Presley","Dave Edmunds"
"Elvis Presley","David Allan Coe"
"Elvis Presley","Elton John"
"Elvis Presley","Ian Gillan"
"Elvis Presley","Lana Del Rey"
"Elvis Presley","Miley Cyrus"
"Elvis Presley","Robert Gordon"
"Elvis Presley","Roy Head"
"Elvis Presley","Shakin' Stevens"
"Elvis Presley","The Cramps"
"Elvis Presley","Adam Faith"
"Elvis Presley","Alvin Lee"
"Elvis Presley","Bazzi"
"Elvis Presley","Burton Cummings"
"Elvis Presley","BØRNS"
"Elvis Presley","David Wilcox"
"Elvis Presley","Dean Alexander"
"Elvis Presley","Dion"
"Elvis Presley","Enrique Guzmán"
"Elvis Presley","Gram Parsons"
"Elvis Presley","Greg Lake"
"Elvis Presley","Harry Styles"
"Elvis Presley","John Hiatt"
"Elvis Presley","Merrell Fankhauser"
"Elvis Presley","Nicky Blitz"
"Elvis Presley","Paramore"
"Elvis Presley","Pat Boone"
"Elvis Presley","Poppy"
"Elvis Presley","Scott Isbell"
"Elvis Presley","The Righteous Brothers"
"Elvis Presley","Volbeat"
"Elvis Presley","Whissell"
"Amos Milburn","Fats Domino"
"Big Joe Turner","Fats Domino"
"Champion Jack Dupree","Fats Domino"
"Louis Armstrong","Fats Domino"
"Louis Jordan","Fats Domino"
"Professor Longhair","Fats Domino"
"Roy Brown","Fats Domino"
"Little Willie Littlefield","Fats Domino"
"Teddy Wilson","Fats Domino"
"Albert Ammons","Fats Domino"
"Arizona Dranes","Fats Domino"
"Charles Brown","Fats Domino"
"Count Basie","Fats Domino"
"Fats Waller","Fats Domino"
"James P. Johnson","Fats Domino"
"Jay McShann","Fats Domino"
"Meade ""Lux"" Lewis","Fats Domino"
"Pinetop Perkins","Fats Domino"
"Tuts Washington","Fats Domino"
"Willie ""The Lion"" Smith","Fats Domino"
"Fats Domino","Lloyd Price"
"Fats Domino","Bill Medley"
"Fats Domino","Bob Marley"
"Fats Domino","Dion"
"Fats Domino","Dr. John"
"Fats Domino","Ezra Charles"
"Fats Domino","Frankie Ford"
"Fats Domino","Gene Taylor"
"Fats Domino","George Benson"
"Fats Domino","Guitar Slim"
"Fats Domino","Harry Connick, Jr."
"Fats Domino","Huey ""Piano"" Smith"
"Fats Domino","James Booker"
"Fats Domino","Jimmy Clanton"
"Fats Domino","Lee Dorsey"
"Fats Domino","Marc Broussard"
"Fats Domino","Neil Young"
"Fats Domino","Neville Brothers"
"Fats Domino","Paul McCartney"
"Fats Domino","Snooks Eaglin"
"Fats Domino","The Blasters"
"Fats Domino","The Isley Brothers"
"Fats Domino","The Radiators"
"Elvis Presley","Gene Vincent"
"Jerry Lee Lewis","Gene Vincent"
"Little Richard","Gene Vincent"
"Benny Joy","Gene Vincent"
"Bill Haley","Gene Vincent"
"Carl Perkins","Gene Vincent"
"Chuck Berry","Gene Vincent"
"Hank Williams","Gene Vincent"
"Johnny Burnette","Gene Vincent"
"Gene Vincent","The Cramps"
"Gene Vincent","Big Sandy & His Fly-Rite Boys"
"Gene Vincent","Billy Fury"
"Gene Vincent","Colin Winski"
"Gene Vincent","Gene Pitney"
"Gene Vincent","George Bedard"
"Gene Vincent","Gerry & the Pacemakers"
"Gene Vincent","Li'l Ronnie & the Grand Dukes"
"Gene Vincent","Ray Condo"
"Gene Vincent","Rory Justice"
"Gene Vincent","Stray Cats"
"Gene Vincent","Teenage Head"
"Gene Vincent","The Blasters"
"Gene Vincent","X"
"Gene Vincent","Commander Cody and His Lost Planet Airmen"
"Gene Vincent","Dave Edmunds"
"Gene Vincent","Jeff Beck"
"Gene Vincent","Jimmy Page"
"Gene Vincent","Levi Dexter"
"Gene Vincent","Matchbox"
"Gene Vincent","Robert Gordon"
"Gene Vincent","Ronnie Hawkins"
"Gene Vincent","The Clash"
"Gene Vincent","Cliff Richard"
"Billy Wright","Little Richard"
"Louis Jordan","Little Richard"
"Amos Milburn","Little Richard"
"Arizona Dranes","Little Richard"
"Big Joe Turner","Little Richard"
"Big Maceo Merriweather","Little Richard"
"Big Mama Thornton","Little Richard"
"Esquerita","Little Richard"
"Johnny Otis","Little Richard"
"Lightnin' Hopkins","Little Richard"
"Roy Brown","Little Richard"
"Slim Gaillard","Little Richard"
"Tampa Red","Little Richard"
"Wynonie Harris","Little Richard"
"Little Richard","Bruno Mars"
"Little Richard","Tom Jones"
"Little Richard","Amy Winehouse"
"Little Richard","Barrence Whitfield"
"Little Richard","Bill Medley"
"Little Richard","Billy C. Wirtz"
"Little Richard","Billy Joel"
"Little Richard","Bunny Sigler"
"Little Richard","Burton Cummings"
"Little Richard","David Bowie"
"Little Richard","Elton John"
"Little Richard","Gene Taylor"
"Little Richard","Greg Lake"
"Little Richard","Harry Nilsson"
"Little Richard","Huey Lewis"
"Little Richard","Jason D. Williams"
"Little Richard","Jimi Hendrix"
"Little Richard","Larry Williams"
"Little Richard","Manfred Mann"
"Little Richard","Michael Jackson"
"Little Richard","Morris Day"
"Little Richard","Neil Young"
"Little Richard","Pat Boone"
"Little Richard","Paul Davis"
"Little Richard","Prince"
"Little Richard","Spencer Davis"
"Little Richard","The Animals"
"Little Richard","The Pretty Things"
"Little Richard","The Rolling Stones"
"Little Richard","The Swinging Blue Jeans"
"Buddy Holly","Phil Spector"
"Chet Atkins","Phil Spector"
"Chuck Berry","Phil Spector"
"Elvis Presley","Phil Spector"
"Harold Bradley","Phil Spector"
"Nelson Riddle","Phil Spector"
"Phil Spector","Francis Lung"
"Phil Spector","Aias"
"Phil Spector","Barry Gibb"
"Phil Spector","Brian Wilson"
"Phil Spector","Clive Davis"
"Phil Spector","Don Was"
"Phil Spector","Ellie Greenwich"
"Phil Spector","Kramer"
"Phil Spector","Rick Rubin"
"Phil Spector","Stephin Merritt"
"Phil Spector","The Mamas & the Papas"
"Chris Barber","Lonnie Donegan"
"Ken Colyer","Lonnie Donegan"
"Cannon's Jug Stompers","Lonnie Donegan"
"Hoosier Hot Shots","Lonnie Donegan"
"Jimmie Rodgers","Lonnie Donegan"
"King Oliver","Lonnie Donegan"
"Lead Belly","Lonnie Donegan"
"Lonnie Johnson","Lonnie Donegan"
"Louis Armstrong","Lonnie Donegan"
"Memphis Jug Band","Lonnie Donegan"
"The Mound City Blue Blowers","Lonnie Donegan"
"Woody Guthrie","Lonnie Donegan"
"Lonnie Donegan","Adam Faith"
"Lonnie Donegan","Chaz Jankel"
"Lonnie Donegan","Jeff Beck"
"Lonnie Donegan","Jim Kweskin"
"Lonnie Donegan","Jimmy Page"
"Lonnie Donegan","Mark Knopfler"
"Lonnie Donegan","Mick Moloney"
"Lonnie Donegan","Mother McCree's Uptown Jug Champions"
"Lonnie Donegan","Peter White"
"Lonnie Donegan","Sunshine Skiffle Band"
"Lonnie Donegan","The Hollies"
"Lonnie Donegan","The Lovin' Spoonful"
"Lonnie Donegan","The Nitty Gritty Dirt Band"
"Lonnie Donegan","The Strawbs"
"Lonnie Donegan","Van Morrison"
"Allauddin Khan","Ravi Shankar"
"Ravi Shankar","Alice Coltrane"
"Ravi Shankar","Bud Shank"
"Ravi Shankar","Collin Walcott"
"Ravi Shankar","John Coltrane"
"Ravi Shankar","John McLaughlin"
"Ravi Shankar","Najma"
"Ravi Shankar","Philip Glass"
"Ravi Shankar","Talvin Singh"
"Ravi Shankar","The Rolling Stones"
"Ravi Shankar","Zakir Hussain"
"Elvis Presley","Roy Orbison"
"Cowboy Copas","Roy Orbison"
"Hank Williams","Roy Orbison"
"Johnny Horton","Roy Orbison"
"Lefty Frizzell","Roy Orbison"
"Roy Acuff","Roy Orbison"
"Big Joe Turner","Roy Orbison"
"Bob Wills","Roy Orbison"
"Roy Orbison","Big Blue Hearts"
"Roy Orbison","Chris Isaak"
"Roy Orbison","Jeff Lynne"
"Roy Orbison","John Lennon"
"Roy Orbison","Johnny Hallyday"
"Roy Orbison","Richard Hawley"
"Roy Orbison","The Mavericks"
"Roy Orbison","Tom Petty"
"Roy Orbison","Atlanta Rhythm Section"
"Roy Orbison","Bee Gees"
"Roy Orbison","Big Star"
"Roy Orbison","Brian Poole"
"Roy Orbison","Brian Poole & the Tremeloes"
"Roy Orbison","Brian Wilson"
"Roy Orbison","Bruce Springsteen"
"Roy Orbison","Curses!"
"Roy Orbison","Dan Crump"
"Roy Orbison","Daughn Gibson"
"Roy Orbison","Dead Man's Bones"
"Roy Orbison","Don McLean"
"Roy Orbison","Elvis Costello"
"Roy Orbison","George Bedard"
"Roy Orbison","Glasvegas"
"Roy Orbison","Glen Campbell"
"Roy Orbison","Harry Nilsson"
"Roy Orbison","J.D. Souther"
"Roy Orbison","Jay Boy Adams"
"Roy Orbison","Jeff Buckley"
"Roy Orbison","Johnny Rivers"
"Roy Orbison","k.d. lang"
"Roy Orbison","King Leg"
"Roy Orbison","Linda Ronstadt"
"Roy Orbison","Margo & the Marvettes"
"Roy Orbison","Neil Young"
"Roy Orbison","Nicole Atkins"
"Roy Orbison","Ray Campi"
"Roy Orbison","Richard Brown"
"Roy Orbison","Robert Gordon"
"Roy Orbison","Roy Black"
"Roy Orbison","Royworld"
"Roy Orbison","Shakin' Stevens"
"Roy Orbison","Stray Cats"
"Roy Orbison","The Cramps"
"Roy Orbison","The Educated Guess"
"Roy Orbison","The Hollies"
"Roy Orbison","The Righteous Brothers"
"Roy Orbison","The Tremeloes"
"Roy Orbison","Tom Waits"
"Roy Orbison","Tracyanne & Danny"
"Roy Orbison","Weeping Willows"
"Roy Orbison","Jaafar"
"Roy Orbison","Sivert Høyem"
"Roy Orbison","Sloppy Jane"
"Roy Orbison","U2"
"Ray Charles","The Everly Brothers"
"The Louvin Brothers","The Everly Brothers"
"Bill Monroe","The Everly Brothers"
"Hank Williams","The Everly Brothers"
"Jim & Jesse","The Everly Brothers"
"Jimmie Rodgers","The Everly Brothers"
"Johnny Burnette","The Everly Brothers"
"Merle Haggard","The Everly Brothers"
"Osborne Brothers","The Everly Brothers"
"Ray Price","The Everly Brothers"
"The Carter Family","The Everly Brothers"
"The Delmore Brothers","The Everly Brothers"
"The Maddox Brothers & Rose","The Everly Brothers"
"The Stanley Brothers","The Everly Brothers"
"The Everly Brothers","The Byrds"
"The Everly Brothers","The Brother Brothers"
"The Everly Brothers","Bee Gees"
"The Everly Brothers","Chad & Jeremy"
"The Everly Brothers","Crosby, Stills & Nash"
"The Everly Brothers","Dave Edmunds"
"The Everly Brothers","Harry Nilsson"
"The Everly Brothers","Mapache"
"The Everly Brothers","Mick Fleetwood"
"The Everly Brothers","Peter & Gordon"
"The Everly Brothers","Simon & Garfunkel"
"The Everly Brothers","The Beach Boys"
"The Everly Brothers","The Cactus Blossoms"
"The Everly Brothers","The dB's"
"The Everly Brothers","The Hollies"
"The Everly Brothers","The Proclaimers"
"The Everly Brothers","The Searchers"
"The Everly Brothers","The Zombies"
"James Brown","The Isley Brothers"
"Little Richard","The Isley Brothers"
"Ray Charles","The Isley Brothers"
"Chuck Berry","The Isley Brothers"
"The Platters","The Isley Brothers"
"Jimi Hendrix","The Isley Brothers"
"Smokey Robinson","The Isley Brothers"
"The Dells","The Isley Brothers"
"Sam Cooke","The Isley Brothers"
"The Isley Brothers","Kool & the Gang"
"The Isley Brothers","The Time"
"The Isley Brothers","Earth, Wind & Fire"
"The Isley Brothers","Michael Jackson"
"The Isley Brothers","Prince"
"The Isley Brothers","Boyz II Men"
"The Isley Brothers","Keith Sweat"
"The Isley Brothers","R. Kelly"
"The Isley Brothers","The Brothers Johnson"
"The Isley Brothers","Tony! Toni! Toné!"
"The Isley Brothers","112"
"The Isley Brothers","Babyface"
"The Isley Brothers","Donell Jones"
"The Isley Brothers","Lakeside"
"The Isley Brothers","Rod Stewart"
"The Isley Brothers","BigXthaPlug"
"Sam Cooke","Arthur Alexander"
"Ivory Joe Hunter","Arthur Alexander"
"Ray Charles","Arthur Alexander"
"Bobby ""Blue"" Bland","Arthur Alexander"
"Chuck Willis","Arthur Alexander"
"Clyde McPhatter","Arthur Alexander"
"Elvis Presley","Arthur Alexander"
"Screamin' Jay Hawkins","Arthur Alexander"
"The Drifters","Arthur Alexander"
"The Platters","Arthur Alexander"
"Webb Pierce","Arthur Alexander"
"Arthur Alexander","Al Green"
"Arthur Alexander","Candi Staton"
"Arthur Alexander","Dann Penn"
"Arthur Alexander","George McCrae"
"Arthur Alexander","James & Bobby Purify"
"Arthur Alexander","James Luther Dickinson"
"Arthur Alexander","Johnny Kidd"
"Arthur Alexander","Marshall Crenshaw"
"Arthur Alexander","Robbie Robertson"
"Arthur Alexander","The Afghan Whigs"
"Arthur Alexander","The Rolling Stones"
"Chet Atkins","Eddie Cochran"
"Chuck Berry","Eddie Cochran"
"Hank Williams","Eddie Cochran"
"James Burton","Eddie Cochran"
"Mickey Baker","Eddie Cochran"
"Roy Acuff","Eddie Cochran"
"T-Bone Walker","Eddie Cochran"
"Eddie Cochran","Heinz"
"Eddie Cochran","Blue Cheer"
"Eddie Cochran","Ian Dury"
"Eddie Cochran","Joan Jett"
"Eddie Cochran","Levi Dexter"
"Eddie Cochran","NRBQ"
"Eddie Cochran","Paul McCartney"
"Eddie Cochran","Sex Pistols"
"Eddie Cochran","Shakin' Stevens"
"Eddie Cochran","Stray Cats"
"Eddie Cochran","The Blasters"
"Eddie Cochran","The Kinks"
"Eddie Cochran","The Move"
"Eddie Cochran","The Polecats"
"Eddie Cochran","The Reverend Horton Heat"
"Eddie Cochran","The Who"
"Larry Williams","Paul Davis"
"Clyde McPhatter","Smokey Robinson"
"Bobby Day","Smokey Robinson"
"Charles Brown","Smokey Robinson"
"Gene Pitney","Smokey Robinson"
"Jackie Wilson","Smokey Robinson"
"James Brown","Smokey Robinson"
"Ray Charles","Smokey Robinson"
"Sam Cooke","Smokey Robinson"
"The Flamingos","Smokey Robinson"
"The Moonglows","Smokey Robinson"
"The Platters","Smokey Robinson"
"Smokey Robinson","Martha & the Vandellas"
"Smokey Robinson","803Fresh"
"Smokey Robinson","Aaron Frazer"
"Smokey Robinson","Ashford & Simpson"
"Smokey Robinson","Babyface"
"Smokey Robinson","Bee Gees"
"Smokey Robinson","Bob Dylan"
"Smokey Robinson","Boz Scaggs"
"Smokey Robinson","Commodores"
"Smokey Robinson","Fine Young Cannibals"
"Smokey Robinson","George Clinton"
"Smokey Robinson","Marvin Gaye"
"Smokey Robinson","Mary Wells"
"Smokey Robinson","Ronnie McNeir"
"Smokey Robinson","Terence Trent D'Arby"
"Smokey Robinson","The English Beat"
"Smokey Robinson","The Jackson 5"
"Smokey Robinson","The Marvelettes"
"Smokey Robinson","The Style Council"
"Smokey Robinson","The Supremes"
"Smokey Robinson","The Temptations"
"Smokey Robinson","Trey Songz"
"Smokey Robinson","Warren Haynes"
"Blind Lemon Jefferson","Bob Dylan"
"Dave Van Ronk","Bob Dylan"
"Hank Williams","Bob Dylan"
"Rev. Gary Davis","Bob Dylan"
"Woody Guthrie","Bob Dylan"
"Allen Ginsberg","Bob Dylan"
"Bill Monroe","Bob Dylan"
"Blind Willie McTell","Bob Dylan"
"Cisco Houston","Bob Dylan"
"Harry Smith","Bob Dylan"
"Jimmie Rodgers","Bob Dylan"
"Johnny Cash","Bob Dylan"
"Lead Belly","Bob Dylan"
"Little Richard","Bob Dylan"
"Mississippi John Hurt","Bob Dylan"
"Odetta","Bob Dylan"
"Pete Seeger","Bob Dylan"
"Ramblin' Jack Elliott","Bob Dylan"
"The Kingston Trio","Bob Dylan"
"Bascom Lamar Lunsford","Bob Dylan"
"Clarence Ashley","Bob Dylan"
"Dock Boggs","Bob Dylan"
"Jesse Fuller","Bob Dylan"
"John Jacob Niles","Bob Dylan"
"Lefty Frizzell","Bob Dylan"
"Robert Johnson","Bob Dylan"
"The Carter Family","Bob Dylan"
"Victoria Spivey","Bob Dylan"
"Alan Lomax","Bob Dylan"
"Doc Pomus","Bob Dylan"
"Doc Watson","Bob Dylan"
"Mississippi Sheiks","Bob Dylan"
"The Weavers","Bob Dylan"
"Bob Dylan","Bruce Springsteen"
"Bob Dylan","Donovan"
"Bob Dylan","John Prine"
"Bob Dylan","Joni Mitchell"
"Bob Dylan","Mumford & Sons"
"Bob Dylan","Neil Young"
"Bob Dylan","Patti Smith"
"Bob Dylan","Pretenders"
"Bob Dylan","The Byrds"
"Bob Dylan","The Wallflowers"
"Bob Dylan","Tom Petty"
"Bob Dylan","Warren Zevon"
"Bob Dylan","Ben Harper"
"Bob Dylan","Bonnie Raitt"
"Bob Dylan","Buffalo Springfield"
"Bob Dylan","Creedence Clearwater Revival"
"Bob Dylan","Crosby, Stills & Nash"
"Bob Dylan","David Blue"
"Bob Dylan","Dire Straits"
"Bob Dylan","Eric Andersen"
"Bob Dylan","Faces"
"Bob Dylan","Jefferson Airplane"
"Bob Dylan","Jimi Hendrix"
"Bob Dylan","John Hiatt"
"Bob Dylan","Judy Collins"
"Bob Dylan","Leonard Cohen"
"Bob Dylan","Loudon Wainwright III"
"Bob Dylan","Randy Newman"
"Bob Dylan","Richie Havens"
"Bob Dylan","The Replacements"
"Bob Dylan","Tim Buckley"
"Bob Dylan","Tom Waits"
"Bob Dylan","Townes Van Zandt"
"Bob Dylan","Van Morrison"
"Bob Dylan","Billy Bragg"
"Bob Dylan","Country Joe & the Fish"
"Bob Dylan","David Crosby"
"Bob Dylan","Elvis Costello"
"Bob Dylan","Grateful Dead"
"Bob Dylan","Jackson Browne"
"Bob Dylan","Joe Ely"
"Bob Dylan","John Mellencamp"
"Bob Dylan","Kevin Morby"
"Bob Dylan","L.A. Salami"
"Bob Dylan","Leon Russell"
"Bob Dylan","Lou Reed"
"Bob Dylan","Melissa Etheridge"
"Bob Dylan","Nick Lowe"
"Bob Dylan","Panic! At the Disco"
"Bob Dylan","Paul Simon"
"Bob Dylan","Phil Ochs"
"Bob Dylan","Prateek Kuhad"
"Bob Dylan","R.E.M."
"Bob Dylan","Robyn Hitchcock"
"Bob Dylan","Roy Harper"
"Bob Dylan","Simon & Garfunkel"
"Bob Dylan","Steely Dan"
"Bob Dylan","Steve Earle"
"Bob Dylan","Steve Forbert"
"Bob Dylan","The Animals"
"Bob Dylan","The Dead Weather"
"Bob Dylan","The Lovin' Spoonful"
"Bob Dylan","Tracy Chapman"
"Bob Dylan","Tré Burt"
"Bob Dylan","U2"
"Bob Dylan","Ebba Forsberg"
"Bob Dylan","Elliott Murphy"
"Bob Dylan","Frank Tedesso"
"Bob Dylan","Kyle Craft"
"Bob Dylan","Madison Cunningham"
"Bob Dylan","Mary Chapin Carpenter"
"Bob Dylan","Miley Cyrus"
"Bob Dylan","Paul Siebel"
"Bob Dylan","Sam Brothers"
"Bob Dylan","Santana"
"Bob Dylan","Simon Joyner"
"Bob Dylan","Adam Foster"
"Bob Dylan","Andrew Ripp"
"Bob Dylan","Any Trouble"
"Bob Dylan","Ashley Hutchings"
"Bob Dylan","Austin Plaine"
"Bob Dylan","Ben Sidran"
"Bob Dylan","Bob Forrest"
"Bob Dylan","Bridget St. John"
"Bob Dylan","Caamp"
"Bob Dylan","David Ramirez"
"Bob Dylan","Deleted Scenes"
"Bob Dylan","Devan Dubois"
"Bob Dylan","Doug Keith"
"Bob Dylan","Dua Lipa"
"Bob Dylan","Evan Haywood"
"Bob Dylan","Field Medic"
"Bob Dylan","George Ezra"
"Bob Dylan","Glen Hansard"
"Bob Dylan","Goody Grace"
"Bob Dylan","Grace Cummings"
"Bob Dylan","Handsome Jack"
"Bob Dylan","Joel Rafael"
"Bob Dylan","John McCullagh"
"Bob Dylan","Johnny Delaware"
"Bob Dylan","Jonah Tolchin"
"Bob Dylan","Kae Tempest"
"Bob Dylan","Larry Campbell & Teresa Williams"
"Bob Dylan","Lauren Shera"
"Bob Dylan","Little Kid"
"Bob Dylan","Lobo"
"Bob Dylan","Marc Scibilia"
"Bob Dylan","Marcus Mumford"
"Bob Dylan","Me and Cassity"
"Bob Dylan","Nick Drake"
"Bob Dylan","Olivia Chaney"
"Bob Dylan","Over the Rhine"
"Bob Dylan","Passenger"
"Bob Dylan","Post Malone"
"Bob Dylan","Sean McConnell"
"Bob Dylan","Skylar Grey"
"Bob Dylan","Stephen Duffy"
"Bob Dylan","Steve Smyth"
"Bob Dylan","The Head and the Heart"
"Bob Dylan","The Lumineers"
"Bob Dylan","The Natvral"
"Bob Dylan","Thomas Abban"
"Bob Dylan","Tim Hart"
"Bob Dylan","Trampled by Turtles"
"Bob Dylan","Wayne Horvitz"
"Bob Dylan","Will Epstein"
"Bob Dylan","Young the Giant"
"Bob Dylan","Yungblud"
"Clyde McPhatter","The Shirelles"
"Frankie Lymon & the Teenagers","The Shirelles"
"Ray Charles","The Shirelles"
"Sarah Vaughan","The Shirelles"
"The Cadillacs","The Shirelles"
"The Chantels","The Shirelles"
"The Clovers","The Shirelles"
"The Marcels","The Shirelles"
"The Orioles","The Shirelles"
"The Platters","The Shirelles"
"The Shirelles","Blondie"
"The Shirelles","Dionne Warwick"
"The Shirelles","Dusty Springfield"
"The Shirelles","En Vogue"
"The Shirelles","Lesley Gore"
"The Shirelles","Manfred Mann"
"The Shirelles","The Angels"
"The Shirelles","The Dixie Cups"
"The Shirelles","The Pipettes"
"The Shirelles","The Pointer Sisters"
"The Shirelles","The Shangri-Las"
"Otis Blackwell","Little Willie John"
"Titus Turner","Little Willie John"
"Little Willie John","Al Green"
"Little Willie John","B.B. King"
"Little Willie John","Fleetwood Mac"
"Little Willie John","Jackie Wilson"
"Little Willie John","James Brown"
"Little Willie John","James Chance"
"Little Willie John","Peggy Lee"
"Little Willie John","Sam Cooke"
"Etta James","The Marvelettes"
"LaVern Baker","The Marvelettes"
"Ruth Brown","The Marvelettes"
"The Chantels","The Marvelettes"
"The Shirelles","The Marvelettes"
"The Marvelettes","Solange"
"The Marvelettes","Labelle"
"The Marvelettes","New York Dolls"
"The Marvelettes","The Jackson 5"
"The Marvelettes","The Love Unlimited Orchestra"
"The Marvelettes","The Three Degrees"
"Duane Eddy","The Shadows"
"Chet Atkins","The Shadows"
"Billy Lee Riley","The Shadows"
"Buddy Knox","The Shadows"
"Carl Perkins","The Shadows"
"Charlie Feathers","The Shadows"
"Dale Hawkins","The Shadows"
"Eddie Cochran","The Shadows"
"Gene Vincent","The Shadows"
"Johnny Burnette","The Shadows"
"Little Richard","The Shadows"
"Lonnie Donegan","The Shadows"
"Ritchie Valens","The Shadows"
"Vince Taylor","The Shadows"
"The Shadows","Bill Nelson"
"The Shadows","Blossom Toes"
"The Shadows","Booker T. & the MG's"
"The Shadows","Chris Rea"
"The Shadows","Graham Gouldman"
"The Shadows","Herman's Hermits"
"The Shadows","Jeff Beck"
"The Shadows","Jimmy Page"
"The Shadows","John Lennon"
"The Shadows","Neil Young"
"The Shadows","Pink Floyd"
"The Shadows","Robyn Hitchcock"
"The Shadows","The Kinks"
"The Shadows","The Ventures"
"The Shadows","The Who"
"The Shadows","The Yardbirds"
"The Shadows","The Zombies"
"Big Joe Turner","Bill Haley"
"Bob Wills","Bill Haley"
"Hank Williams","Bill Haley"
"Jackie Brenston","Bill Haley"
"Louis Jordan","Bill Haley"
"Red Foley","Bill Haley"
"The Treniers","Bill Haley"
"Cowboy Copas","Bill Haley"
"Jimmie Rodgers","Bill Haley"
"Milton Brown & His Brownies","Bill Haley"
"Bill Haley","Big Bad Voodoo Daddy"
"Bill Haley","Big Sandy"
"Bill Haley","Cherry Poppin' Daddies"
"Bill Haley","Cliff Richard"
"Bill Haley","Johnny Kidd & the Pirates"
"Bill Haley","Monte Warden"
"Bill Haley","Rockats"
"Bill Haley","Sha Na Na"
"Bill Haley","Stray Cats"
"Bill Haley","The Blasters"
"Bill Haley","The Carpetbaggers"
"Bill Haley","The Dave Clark Five"
"Bill Haley","The Polecats"
"Bob Wills","Buck Owens"
"Hank Williams","Buck Owens"
"Lefty Frizzell","Buck Owens"
"Ernest Tubb","Buck Owens"
"Chuck Berry","Buck Owens"
"Cliffie Stone","Buck Owens"
"Faron Young","Buck Owens"
"Hank Snow","Buck Owens"
"Ray Price","Buck Owens"
"The Maddox Brothers & Rose","Buck Owens"
"Webb Pierce","Buck Owens"
"Wynn Stewart","Buck Owens"
"Buck Owens","BR5-49"
"Buck Owens","Creedence Clearwater Revival"
"Buck Owens","Dale Watson"
"Buck Owens","Dwight Yoakam"
"Buck Owens","Eleven Hundred Springs"
"Buck Owens","Gosdin Brothers"
"Buck Owens","Gram Parsons"
"Buck Owens","Hal Ketchum"
"Buck Owens","Hayes Carll"
"Buck Owens","Junior Brown"
"Buck Owens","Kacey Musgraves"
"Buck Owens","Lyle Lovett"
"Buck Owens","Mo Pitney"
"Buck Owens","Neil Young"
"Buck Owens","The Flatlanders"
"Buck Owens","The Mavericks"
"Buck Owens","Trace Adkins"
"Hank Williams","Jerry Lee Lewis"
"Ray Price","Jerry Lee Lewis"
"Al Jolson","Jerry Lee Lewis"
"Moon Mullican","Jerry Lee Lewis"
"Albert Ammons","Jerry Lee Lewis"
"Arizona Dranes","Jerry Lee Lewis"
"Big Joe Turner","Jerry Lee Lewis"
"Bill Haley & His Comets","Jerry Lee Lewis"
"Cecil Gant","Jerry Lee Lewis"
"Elmore James","Jerry Lee Lewis"
"Floyd Cramer","Jerry Lee Lewis"
"Ike Turner","Jerry Lee Lewis"
"James P. Johnson","Jerry Lee Lewis"
"Jelly Roll Morton","Jerry Lee Lewis"
"Meade ""Lux"" Lewis","Jerry Lee Lewis"
"Ray Charles","Jerry Lee Lewis"
"Roy Brown","Jerry Lee Lewis"
"Roy Hall","Jerry Lee Lewis"
"Jerry Lee Lewis","Tom Jones"
"Jerry Lee Lewis","Billy C. Wirtz"
"Jerry Lee Lewis","Bruno Mars"
"Jerry Lee Lewis","Butthole Surfers"
"Jerry Lee Lewis","Dean Alexander"
"Jerry Lee Lewis","Dion"
"Jerry Lee Lewis","Elton John"
"Jerry Lee Lewis","Gary Stewart"
"Jerry Lee Lewis","Ian McLagan"
"Jerry Lee Lewis","Jason D. Williams"
"Jerry Lee Lewis","Jools Holland"
"Jerry Lee Lewis","Low Cut Connie"
"Jerry Lee Lewis","Mickey Gilley"
"Jerry Lee Lewis","Nashville Pussy"
"Jerry Lee Lewis","Neil Young"
"Jerry Lee Lewis","Shakin' Stevens"
"Jerry Lee Lewis","Southern Culture on the Skids"
"Jerry Lee Lewis","Stray Cats"
"Jerry Lee Lewis","Swamp Dogg"
"Jerry Lee Lewis","The Band"
"Jerry Lee Lewis","The Fireballs"
"Jerry Lee Lewis","The Reverend Horton Heat"
"Jerry Lee Lewis","Willie Murphy"
"Gilbert & Sullivan","10cc"
"Bee Gees","10cc"
"Frank Zappa","10cc"
"Giles, Giles & Fripp","10cc"
"Procol Harum","10cc"
"The Hollies","10cc"
"The Kinks","10cc"
"The Move","10cc"
"The Zombies","10cc"
"10cc","City Boy"
"10cc","Fox"
"10cc","Ian Dury & the Blockheads"
"10cc","Jellyfish"
"10cc","Julian Cope"
"10cc","Oingo Boingo"
"10cc","Peter Gabriel"
"10cc","Pulp"
"10cc","Shintaro Sakamoto"
"10cc","Squeeze"
"10cc","The Art of Noise"
"10cc","The Beautiful South"
"10cc","The Blue Nile"
"10cc","They Might Be Giants"
"10cc","XTC"
"Paul McCartney","Badfinger"
"The Who","Badfinger"
"Dave Mason","Badfinger"
"Small Faces","Badfinger"
"Spencer Davis","Badfinger"
"The Dave Clark Five","Badfinger"
"The Hollies","Badfinger"
"The Kinks","Badfinger"
"The Lovin' Spoonful","Badfinger"
"The Zombies","Badfinger"
"Badfinger","The Plimsouls"
"Badfinger","The Posies"
"Badfinger","Artful Dodger"
"Badfinger","Book of Love"
"Badfinger","Game Theory"
"Badfinger","Jellyfish"
"Badfinger","Matthew Sweet"
"Badfinger","Oasis"
"Badfinger","Teenage Fanclub"
"Badfinger","The dB's"
"Badfinger","The Diggers"
"Badfinger","The Grays"
"Badfinger","The Honeydogs"
"Badfinger","The Records"
"Badfinger","Toms"
"Elvis Presley","Bee Gees"
"Frankie Lymon","Bee Gees"
"Lonnie Donegan","Bee Gees"
"Otis Redding","Bee Gees"
"Percy Faith","Bee Gees"
"The Beach Boys","Bee Gees"
"The Dave Clark Five","Bee Gees"
"The Four Seasons","Bee Gees"
"The Mills Brothers","Bee Gees"
"The Rolling Stones","Bee Gees"
"The Zombies","Bee Gees"
"Tommy Steele","Bee Gees"
"Bee Gees","Phantom Buffalo"
"Bee Gees","KC & the Sunshine Band"
"Bee Gees","Timothy Monger"
"Bee Gees","Action Figures"
"Bee Gees","Andy Gibb"
"Bee Gees","Artful Dodger"
"Bee Gees","Black Grape"
"Bee Gees","Broken Bells"
"Bee Gees","BØRNS"
"Bee Gees","Jane Pow"
"Bee Gees","My Friend Steve"
"Bee Gees","Nick Jonas"
"Bee Gees","Of Montreal"
"Bee Gees","Olivia Newton-John"
"Bee Gees","Tavares"
"Bee Gees","The High Llamas"
"Bee Gees","The Olivia Tremor Control"
"Bee Gees","The Raspberries"
"Bee Gees","The Rooks"
"The Beach Boys","Cheap Trick"
"The Move","Cheap Trick"
"The Raspberries","Cheap Trick"
"The Who","Cheap Trick"
"Badfinger","Cheap Trick"
"John Lennon","Cheap Trick"
"Roy Wood","Cheap Trick"
"T. Rex","Cheap Trick"
"The Kinks","Cheap Trick"
"The Nazz","Cheap Trick"
"The Rolling Stones","Cheap Trick"
"The Yardbirds","Cheap Trick"
"Big Star","Cheap Trick"
"Jeff Beck","Cheap Trick"
"Led Zeppelin","Cheap Trick"
"Marc Bolan","Cheap Trick"
"Paul McCartney","Cheap Trick"
"Terry Reid","Cheap Trick"
"The Velvet Underground","Cheap Trick"
"Wizzard","Cheap Trick"
"Mott the Hoople","Cheap Trick"
"Sex Pistols","Cheap Trick"
"Cheap Trick","Fountains of Wayne"
"Cheap Trick","Matthew Sweet"
"Cheap Trick","Pixies"
"Cheap Trick","The Smashing Pumpkins"
"Cheap Trick","The Smithereens"
"Cheap Trick","Enuff Z'nuff"
"Cheap Trick","Goo Goo Dolls"
"Cheap Trick","Hanoi Rocks"
"Cheap Trick","Jellyfish"
"Cheap Trick","Jimmy Eat World"
"Cheap Trick","Material Issue"
"Cheap Trick","Poison"
"Cheap Trick","Redd Kross"
"Cheap Trick","Skid Row"
"Cheap Trick","Sloan"
"Cheap Trick","The Posies"
"Cheap Trick","Weezer"
"Cheap Trick","Foo Fighters"
"Cheap Trick","Green Day"
"Cheap Trick","Guns N' Roses"
"Cheap Trick","Hole"
"Cheap Trick","Melvins"
"Cheap Trick","Mötley Crüe"
"Cheap Trick","Nada Surf"
"Cheap Trick","Nirvana"
"Cheap Trick","OK Go"
"Cheap Trick","Secret Machines"
"Cheap Trick","Shudder to Think"
"Cheap Trick","Supergrass"
"Cheap Trick","The Bangles"
"Cheap Trick","The Hives"
"Cheap Trick","The Hold Steady"
"Cheap Trick","The Offspring"
"Cheap Trick","Urge Overkill"
"Cheap Trick","Guided by Voices"
"Cheap Trick","Imperial Teen"
"Cheap Trick","Marvelous 3"
"Cheap Trick","Spoon"
"Cheap Trick","Stone Temple Pilots"
"Cheap Trick","Veruca Salt"
"Cheap Trick","Cocktails"
"Cheap Trick","Nick Piunti"
"Cheap Trick","Roll the Tanks"
"Bob Dylan","David Bowie"
"Pink Floyd","David Bowie"
"Scott Walker","David Bowie"
"Syd Barrett","David Bowie"
"The Kinks","David Bowie"
"The Velvet Underground","David Bowie"
"Anthony Newley","David Bowie"
"Brian Eno","David Bowie"
"Harmonia","David Bowie"
"The Pretty Things","David Bowie"
"The Spinners","David Bowie"
"The Who","David Bowie"
"Jacques Brel","David Bowie"
"Kraftwerk","David Bowie"
"Kurt Weill","David Bowie"
"Love","David Bowie"
"Marc Bolan","David Bowie"
"The Rolling Stones","David Bowie"
"The Stooges","David Bowie"
"Vince Taylor","David Bowie"
"Al Green","David Bowie"
"Billy Fury","David Bowie"
"David Bowie","Adam Lambert"
"David Bowie","Arctic Monkeys"
"David Bowie","Depeche Mode"
"David Bowie","Duran Duran"
"David Bowie","Grace Jones"
"David Bowie","Iggy Pop"
"David Bowie","Japan"
"David Bowie","LCD Soundsystem"
"David Bowie","Madonna"
"David Bowie","Morrissey"
"David Bowie","Panic! At the Disco"
"David Bowie","Pixies"
"David Bowie","Queen"
"David Bowie","Roxy Music"
"David Bowie","The Associates"
"David Bowie","The Human League"
"David Bowie","ABC"
"David Bowie","Adam Ant"
"David Bowie","Bastille"
"David Bowie","Björk"
"David Bowie","Blondie"
"David Bowie","Eurythmics"
"David Bowie","Gary Glitter"
"David Bowie","Gary Numan"
"David Bowie","George Michael"
"David Bowie","Howard Jones"
"David Bowie","Jobriath"
"David Bowie","Joy Division"
"David Bowie","Klaus Nomi"
"David Bowie","Lady Gaga"
"David Bowie","Malcolm McLaren"
"David Bowie","Marc Almond"
"David Bowie","Miguel"
"David Bowie","Moby"
"David Bowie","Nirvana"
"David Bowie","Pet Shop Boys"
"David Bowie","Placebo"
"David Bowie","Pulp"
"David Bowie","Radiohead"
"David Bowie","Simple Minds"
"David Bowie","Steve Harley"
"David Bowie","Suede"
"David Bowie","Talk Talk"
"David Bowie","Talking Heads"
"David Bowie","The Jack Rubies"
"David Bowie","Thomas Dolby"
"David Bowie","Ultravox"
"David Bowie","A Flock of Seagulls"
"David Bowie","Adrian Belew"
"David Bowie","Bauhaus"
"David Bowie","Bloc Party"
"David Bowie","Blur"
"David Bowie","Bronski Beat"
"David Bowie","Chris Connelly"
"David Bowie","Dead or Alive"
"David Bowie","East India Youth"
"David Bowie","Edwyn Collins"
"David Bowie","Erasure"
"David Bowie","Everything Everything"
"David Bowie","Florence + the Machine"
"David Bowie","Frankie Goes to Hollywood"
"David Bowie","Franz Ferdinand"
"David Bowie","Imagine Dragons"
"David Bowie","Joe Jackson"
"David Bowie","Julian Cope"
"David Bowie","Kate Bush"
"David Bowie","Kiss"
"David Bowie","Love and Rockets"
"David Bowie","Magazine"
"David Bowie","Mott the Hoople"
"David Bowie","Muse"
"David Bowie","Naked Eyes"
"David Bowie","New Order"
"David Bowie","New York Dolls"
"David Bowie","Oingo Boingo"
"David Bowie","Orchestral Manoeuvres in the Dark"
"David Bowie","Patti Smith"
"David Bowie","Peter Hammill"
"David Bowie","Siouxsie and the Banshees"
"David Bowie","Soft Cell"
"David Bowie","Super Furry Animals"
"David Bowie","Supergrass"
"David Bowie","Television"
"David Bowie","The Church"
"David Bowie","The Feelies"
"David Bowie","The Runaways"
"David Bowie","The Smashing Pumpkins"
"David Bowie","The Smiths"
"David Bowie","The Verve"
"David Bowie","The Weeknd"
"David Bowie","Thompson Twins"
"David Bowie","TV on the Radio"
"David Bowie","Wang Chung"
"David Bowie","Yello"
"David Bowie","Zolar X"
"David Bowie","'Til Tuesday"
"David Bowie","a-ha"
"David Bowie","Alphaville"
"David Bowie","Berlin"
"David Bowie","Calvin Harris"
"David Bowie","Darren Sylvester"
"David Bowie","Fad Gadget"
"David Bowie","Falco"
"David Bowie","Felt"
"David Bowie","Interpol"
"David Bowie","INXS"
"David Bowie","Jane's Addiction"
"David Bowie","Janelle Monáe"
"David Bowie","Kaiser Chiefs"
"David Bowie","Khalid"
"David Bowie","Kyle Craft"
"David Bowie","La Roux"
"David Bowie","Lazer Crystal"
"David Bowie","Manic Street Preachers"
"David Bowie","Marilyn Manson"
"David Bowie","Modern English"
"David Bowie","Momus"
"David Bowie","Nine Inch Nails"
"David Bowie","Scissor Sisters"
"David Bowie","Sigue Sigue Sputnik"
"David Bowie","Sweet"
"David Bowie","The Breeders"
"David Bowie","The Chameleons"
"David Bowie","The Cure"
"David Bowie","The Psychedelic Furs"
"David Bowie","The Teardrop Explodes"
"David Bowie","The The"
"David Bowie","The Tubes"
"David Bowie","The Undertones"
"David Bowie","Vampire Weekend"
"David Bowie","William Doyle"
"David Bowie","AJ Davila"
"David Bowie","Alabama Shakes"
"David Bowie","Apoptygma Berzerk"
"David Bowie","Art d'Ecco"
"David Bowie","Black Francis"
"David Bowie","Bloodboy"
"David Bowie","Bono"
"David Bowie","Circa Zero"
"David Bowie","Cold Cave"
"David Bowie","D.A.R.K."
"David Bowie","David J"
"David Bowie","Djo"
"David Bowie","Dream Wife"
"David Bowie","Dua Lipa"
"David Bowie","Earl Brutus"
"David Bowie","Elohim"
"David Bowie","Fanny"
"David Bowie","Harry Styles"
"David Bowie","I Dont Know How but They Found Me"
"David Bowie","Iggy & the Stooges"
"David Bowie","Jake Wesley Rogers"
"David Bowie","James Supercave"
"David Bowie","Jellybean"
"David Bowie","Jeremy & the Harlequins"
"David Bowie","Joseph of Mercury"
"David Bowie","JOY."
"David Bowie","Keane"
"David Bowie","Kendrick Lamar"
"David Bowie","Ladyhawke"
"David Bowie","Luke Haines"
"David Bowie","Mainland"
"David Bowie","Paul Heaton"
"David Bowie","Phil Selway"
"David Bowie","Preoccupations"
"David Bowie","Roddy Frame"
"David Bowie","Sivert Høyem"
"David Bowie","Smokey"
"David Bowie","Star Dancer"
"David Bowie","STRFKR"
"David Bowie","T.O.L.D."
"David Bowie","That Poppy"
"David Bowie","The Dandy Warhols"
"David Bowie","The Hoof & the Heel"
"David Bowie","The Meteors"
"David Bowie","The Preatures"
"David Bowie","The Red Dirt Skinners"
"David Bowie","Tobtok"
"David Bowie","Toyah"
"David Bowie","Viet Cong"
"David Bowie","Vyces"
"David Bowie","Walk the Moon"
"David Bowie","X Japan"
"Joan Baez","Donovan"
"Woody Guthrie","Donovan"
"Bert Jansch","Donovan"
"Big Bill Broonzy","Donovan"
"Davy Graham","Donovan"
"Fred Neil","Donovan"
"Hank Williams","Donovan"
"Lead Belly","Donovan"
"Martin Carthy","Donovan"
"Pete Seeger","Donovan"
"Phil Ochs","Donovan"
"Ramblin' Jack Elliott","Donovan"
"Wizz Jones","Donovan"
"Donovan","Mr. Elevator and the Brain Hotel"
"Donovan","Belle and Sebastian"
"Donovan","Chris Difford"
"Donovan","Donovan Blanc"
"Donovan","Duncan Browne"
"Donovan","Duncan Sheik"
"Donovan","Gandalf"
"Donovan","J.K. & Co."
"Donovan","Jewel"
"Donovan","King Crimson"
"Donovan","Kings of Convenience"
"Donovan","Neutral Milk Hotel"
"Donovan","Nick Drake"
"Donovan","Of Montreal"
"Donovan","Robert Plant"
"Donovan","Steve Hillage"
"Donovan","Steve Packenham"
"Donovan","The Waterboys"
"Chuck Berry","Electric Light Orchestra"
"Jerry Lee Lewis","Electric Light Orchestra"
"The Moody Blues","Electric Light Orchestra"
"Bee Gees","Electric Light Orchestra"
"Junior Walker & the All-Stars","Electric Light Orchestra"
"Phil Spector","Electric Light Orchestra"
"Pink Floyd","Electric Light Orchestra"
"Procol Harum","Electric Light Orchestra"
"The Beach Boys","Electric Light Orchestra"
"The Hollies","Electric Light Orchestra"
"The Left Banke","Electric Light Orchestra"
"The Move","Electric Light Orchestra"
"The New York Rock Ensemble","Electric Light Orchestra"
"The Zombies","Electric Light Orchestra"
"Tomorrow","Electric Light Orchestra"
"Electric Light Orchestra","Geographer"
"Electric Light Orchestra","STRFKR"
"Electric Light Orchestra","Air"
"Electric Light Orchestra","Dodgy"
"Electric Light Orchestra","Jack Name"
"Electric Light Orchestra","Jellyfish"
"Electric Light Orchestra","Kevin Kiner"
"Electric Light Orchestra","Kishi Bashi"
"Electric Light Orchestra","Kylie Minogue"
"Electric Light Orchestra","Ladyhawke"
"Electric Light Orchestra","Once & Future Band"
"Electric Light Orchestra","Phoenix"
"Electric Light Orchestra","Scissor Sisters"
"Electric Light Orchestra","Sweet Crude"
"Electric Light Orchestra","The Dandy Warhols"
"Electric Light Orchestra","The High Llamas"
"Electric Light Orchestra","The Lemon Twigs"
"Electric Light Orchestra","The Polyphonic Spree"
"Electric Light Orchestra","The Sleepy Jackson"
"Electric Light Orchestra","Trevor James Tillery"
"Electric Light Orchestra","WZRD"
"Ray Charles","Harry Nilsson"
"The Beach Boys","Harry Nilsson"
"Fred Neil","Harry Nilsson"
"Phil Spector","Harry Nilsson"
"Elvis Presley","Harry Nilsson"
"The Rolling Stones","Harry Nilsson"
"Carole King","Harry Nilsson"
"Chuck Berry","Harry Nilsson"
"Harry Nilsson","Michael Rault"
"Harry Nilsson","Father John Misty"
"Harry Nilsson","Marshall Crenshaw"
"Harry Nilsson","Ron Sexsmith"
"Harry Nilsson","Aimee Mann"
"Harry Nilsson","Alex Izenberg"
"Harry Nilsson","Eric Matthews"
"Harry Nilsson","Natalie Prass"
"Harry Nilsson","Nick Lowe"
"Harry Nilsson","Richard Davies"
"Harry Nilsson","Summer Fiction"
"Harry Nilsson","The High Llamas"
"Harry Nilsson","The Lemon Twigs"
"Harry Nilsson","The Magnetic Fields"
"Harry Nilsson","Elliott Smith"
"Harry Nilsson","Johnny Payne"
"Harry Nilsson","Mac DeMarco"
"Harry Nilsson","Money & King"
"Harry Nilsson","Victoria Williams"
"Harry Nilsson","Andrew Leahey"
"Harry Nilsson","Badly Drawn Boy"
"Harry Nilsson","Bandeau"
"Harry Nilsson","Bret McKenzie"
"Harry Nilsson","Ian Daniel Kehoe"
"Harry Nilsson","Imagine Dragons"
"Harry Nilsson","M. Ross Perkins"
"Harry Nilsson","Maston"
"Harry Nilsson","Richard Barone"
"Harry Nilsson","Steve Forbert"
"Harry Nilsson","Tex Crick"
"Harry Nilsson","The Aluminum Group"
"Harry Nilsson","Zumpano"
"The Jam","Oasis"
"The Smiths","Oasis"
"The Stone Roses","Oasis"
"Happy Mondays","Oasis"
"The Who","Oasis"
"The Kinks","Oasis"
"Buffalo Springfield","Oasis"
"Inspiral Carpets","Oasis"
"Marc Bolan","Oasis"
"Neil Young","Oasis"
"Nirvana","Oasis"
"Paul Weller","Oasis"
"Slade","Oasis"
"Small Faces","Oasis"
"The Move","Oasis"
"The Rolling Stones","Oasis"
"Oasis","David Keuning"
"Oasis","One Direction"
"Oasis","Coldplay"
"Oasis","Culture Wars"
"Oasis","Cynthia Erivo"
"Oasis","Doves"
"Oasis","Embrace"
"Oasis","Feeder"
"Oasis","Harry Styles"
"Oasis","Holy Holy"
"Oasis","Imagine Dragons"
"Oasis","John McCullagh"
"Oasis","Man with a Mission"
"Oasis","Mansun"
"Oasis","Mayday"
"Oasis","Muse"
"Oasis","Nick Howard"
"Oasis","Pete Macleod"
"Oasis","Prose"
"Oasis","Reef"
"Oasis","Sam Fender"
"Oasis","Shed Seven"
"Oasis","Steadman"
"Oasis","Stereophonics"
"Oasis","Tess Parks"
"Oasis","The Bluetones"
"Oasis","The Pretty Reckless"
"Oasis","Thyla"
"Oasis","Trampolene"
"Oasis","Travis"
"Oasis","Vision"
"Jefferson Airplane","The Byrds"
"John Coltrane","The Byrds"
"Pete Seeger","The Byrds"
"Chad Mitchell","The Byrds"
"Gram Parsons","The Byrds"
"Ian & Sylvia","The Byrds"
"Bill Monroe","The Byrds"
"Buck Owens","The Byrds"
"Bud & Travis","The Byrds"
"The Limeliters","The Byrds"
"The Louvin Brothers","The Byrds"
"The Rolling Stones","The Byrds"
"The Beach Boys","The Byrds"
"The Byrds","Cairo Gang"
"The Byrds","Chime School"
"The Byrds","Crosby, Stills & Nash"
"The Byrds","Eagles"
"The Byrds","R.E.M."
"The Byrds","The Band"
"The Byrds","Tom Petty"
"The Byrds","Crazy Horse"
"The Byrds","Jackson Browne"
"The Byrds","Lone Justice"
"The Byrds","Love"
"The Byrds","Moby Grape"
"The Byrds","Poco"
"The Byrds","Pretenders"
"The Byrds","Robyn Hitchcock"
"The Byrds","Teenage Fanclub"
"The Byrds","The Amazing Rhythm Aces"
"The Byrds","The dB's"
"The Byrds","The Jayhawks"
"The Byrds","The Nitty Gritty Dirt Band"
"The Byrds","The Smithereens"
"The Byrds","The Stone Roses"
"The Byrds","The West Coast Pop Art Experimental Band"
"The Byrds","10,000 Maniacs"
"The Byrds","Aztec Camera"
"The Byrds","Big Star"
"The Byrds","Bob Mould"
"The Byrds","BoDeans"
"The Byrds","Bryan Adams"
"The Byrds","Crowded House"
"The Byrds","Game Theory"
"The Byrds","Gin Blossoms"
"The Byrds","John Mellencamp"
"The Byrds","Lindsey Buckingham"
"The Byrds","Mazzy Star"
"The Byrds","Michael Nesmith"
"The Byrds","New Riders of the Purple Sage"
"The Byrds","Peter Case"
"The Byrds","Primal Scream"
"The Byrds","Pure Prairie League"
"The Byrds","Ride"
"The Byrds","Shoes"
"The Byrds","Simon & Garfunkel"
"The Byrds","Son Volt"
"The Byrds","The Bangles"
"The Byrds","The Blasters"
"The Byrds","The Bongos"
"The Byrds","The Church"
"The Byrds","The Long Ryders"
"The Byrds","The Sundays"
"The Byrds","Willie Nile"
"The Byrds","Beachwood Sparks"
"The Byrds","Michael Penn"
"The Byrds","Miracle Legion"
"The Byrds","Nick Lowe"
"The Byrds","Rain Parade"
"The Byrds","The Boys with the Perpetual Nervousness"
"The Byrds","The Del-Lords"
"The Byrds","The Feelies"
"The Byrds","The Records"
"The Byrds","The Silos"
"The Byrds","The Soft Boys"
"The Byrds","The Thrills"
"The Byrds","The Youngbloods"
"The Byrds","Uncle Tupelo"
"The Byrds","Daniel Romano"
"The Byrds","Doug Tuttle"
"The Byrds","Fruit Bats"
"The Byrds","John Phillips"
"The Byrds","Kursaal Flyers"
"The Byrds","Magic Castles"
"The Byrds","Money & King"
"The Byrds","Plainsong"
"The Byrds","Teddy and the Rough Riders"
"The Byrds","The Sanctuaries"
"Gerry & the Pacemakers","The Monkees"
"Herman's Hermits","The Monkees"
"The Dave Clark Five","The Monkees"
"The Turtles","The Monkees"
"The Animals","The Monkees"
"The Kinks","The Monkees"
"The Rolling Stones","The Monkees"
"The Seeds","The Monkees"
"The Troggs","The Monkees"
"The Beach Boys","The Monkees"
"The Beau Brummels","The Monkees"
"The Zombies","The Monkees"
"Tim Buckley","The Monkees"
"Wayne Fontana","The Monkees"
"The Monkees","The Archies"
"The Monkees","The Partridge Family"
"The Monkees","1910 Fruitgum Company"
"The Monkees","Dave Dee, Dozy, Beaky, Mick & Tich"
"The Monkees","The Banana Splits"
"The Monkees","Bay City Rollers"
"The Monkees","The Village People"
"The Monkees","Hanson"
"The Monkees","New Kids on the Block"
"The Monkees","Claypool Lennon Delirium"
"The Monkees","Matt Sweeney"
"The Monkees","Sweet Baboo"
"The Monkees","The Particles"
"Burt Bacharach","The Zombies"
"Bill Evans","The Zombies"
"George Gershwin","The Zombies"
"Georgie Fame","The Zombies"
"Little Anthony & the Imperials","The Zombies"
"Miles Davis","The Zombies"
"Ray Charles","The Zombies"
"Smokey Robinson","The Zombies"
"The Kinks","The Zombies"
"The Searchers","The Zombies"
"Arthur Alexander","The Zombies"
"Little Anthony","The Zombies"
"Ramsey Lewis","The Zombies"
"Sam Cooke","The Zombies"
"Bo Diddley","The Zombies"
"James Brown","The Zombies"
"Little Richard","The Zombies"
"Tommy Steele","The Zombies"
"The Zombies","Argent"
"The Zombies","Jellyfish"
"The Zombies","Procol Harum"
"The Zombies","Supertramp"
"The Zombies","The Left Banke"
"The Zombies","Utopia"
"The Zombies","Vanilla Fudge"
"The Zombies","XTC"
"The Zombies","Aimee Mann"
"The Zombies","Belle and Sebastian"
"The Zombies","Emitt Rhodes"
"The Zombies","Family"
"The Zombies","Genesis"
"The Zombies","Gentle Giant"
"The Zombies","Michael Penn"
"The Zombies","Robyn Hitchcock"
"The Zombies","Roy Wood"
"The Zombies","Super Furry Animals"
"The Zombies","The Apples in Stereo"
"The Zombies","The Dukes of Stratosphear"
"The Zombies","The La's"
"The Zombies","The Nazz"
"The Zombies","The Olivia Tremor Control"
"The Zombies","The Sea and Cake"
"The Zombies","The Smithereens"
"The Zombies","Beachwood Sparks"
"The Zombies","Bees"
"The Zombies","Beulah"
"The Zombies","Blue Ash"
"The Zombies","Dwight Twilley"
"The Zombies","Elliott Smith"
"The Zombies","Eric Matthews"
"The Zombies","Game Theory"
"The Zombies","Gandalf"
"The Zombies","Let's Active"
"The Zombies","Love"
"The Zombies","Matthew Sweet"
"The Zombies","Model Rockets"
"The Zombies","Panic! At the Disco"
"The Zombies","Spoon"
"The Zombies","Steamkings"
"The Zombies","Strawberry Alarm Clock"
"The Zombies","Sufjan Stevens"
"The Zombies","Television Personalities"
"The Zombies","The Beau Brummels"
"The Zombies","The Beautiful South"
"The Zombies","The Boo Radleys"
"The Zombies","The Electric Prunes"
"The Zombies","The New Pornographers"
"The Zombies","The Remains"
"The Zombies","The Shins"
"The Zombies","Todd Rundgren"
"The Zombies","Zumpano"
"The Zombies","Chrysanthemums"
"The Zombies","Flop"
"The Zombies","Phantom Buffalo"
"The Zombies","The Clean"
"The Zombies","The Clientele"
"The Zombies","The Ladybug Transistor"
"The Zombies","The Rooks"
"The Zombies","Agent Ribbons"
"The Zombies","Ari Roar"
"The Zombies","Blossoms"
"The Zombies","BØRNS"
"The Zombies","Levitation Room"
"The Zombies","Odessey & Oracle"
"The Zombies","Sonic Avenues"
"The Zombies","The Junipers"
"The Zombies","The Lemon Twigs"
"Deep Purple","Aerosmith"
"Led Zeppelin","Aerosmith"
"The Rolling Stones","Aerosmith"
"The Yardbirds","Aerosmith"
"Bo Diddley","Aerosmith"
"James Brown","Aerosmith"
"Janis Joplin","Aerosmith"
"Jeff Beck","Aerosmith"
"Jimi Hendrix","Aerosmith"
"Muddy Waters","Aerosmith"
"New York Dolls","Aerosmith"
"The Kinks","Aerosmith"
"The Who","Aerosmith"
"Cream","Aerosmith"
"Free","Aerosmith"
"Howlin' Wolf","Aerosmith"
"John Mayall","Aerosmith"
"Rufus Thomas","Aerosmith"
"Sonny Boy Williamson II","Aerosmith"
"Aerosmith","Buckcherry"
"Aerosmith","Adam Lambert"
"Aerosmith","Alice in Chains"
"Aerosmith","Andy Black"
"Aerosmith","Anthrax"
"Aerosmith","Asking Alexandria"
"Aerosmith","Beastie Boys"
"Aerosmith","Black Veil Brides"
"Aerosmith","Blind Melon"
"Aerosmith","Bon Jovi"
"Aerosmith","Dan Deacon"
"Aerosmith","Def Leppard"
"Aerosmith","Dirty Honey"
"Aerosmith","Eminem"
"Aerosmith","Green Day"
"Aerosmith","Guns N' Roses"
"Aerosmith","Johnnie Mikel"
"Aerosmith","Kid Rock"
"Aerosmith","Korn"
"Aerosmith","Metallica"
"Aerosmith","Mika"
"Aerosmith","Mötley Crüe"
"Aerosmith","Nirvana"
"Aerosmith","Oasis"
"Aerosmith","Overkill"
"Aerosmith","Pearl Jam"
"Aerosmith","Queens of the Stone Age"
"Aerosmith","Rage Against the Machine"
"Aerosmith","Run-D.M.C."
"Aerosmith","Shiraz Lane"
"Aerosmith","Soundgarden"
"Aerosmith","Star Dancer"
"Aerosmith","Testament"
"Aerosmith","The Black Crowes"
"Aerosmith","The Cult"
"Aerosmith","The Offspring"
"Aerosmith","Tool"
"Aerosmith","Travis"
"Aerosmith","Weezer"
"Aerosmith","Yelawolf"
"The Beach Boys","Big Star"
"The Kinks","Big Star"
"The Move","Big Star"
"The Who","Big Star"
"Badfinger","Big Star"
"Buffalo Springfield","Big Star"
"T. Rex","Big Star"
"The Velvet Underground","Big Star"
"The Yardbirds","Big Star"
"Love","Big Star"
"Marc Bolan","Big Star"
"Mott the Hoople","Big Star"
"The Beau Brummels","Big Star"
"The Dave Clark Five","Big Star"
"David Bowie","Big Star"
"Neil Young","Big Star"
"The Nazz","Big Star"
"The Rolling Stones","Big Star"
"Big Star","Jellyfish"
"Big Star","R.E.M."
"Big Star","Teenage Fanclub"
"Big Star","The Posies"
"Big Star","Fountains of Wayne"
"Big Star","Hoodoo Gurus"
"Big Star","Jeff Buckley"
"Big Star","Let's Active"
"Big Star","Matthew Sweet"
"Big Star","Mitch Easter"
"Big Star","Paul Westerberg"
"Big Star","Robyn Hitchcock"
"Big Star","Shoes"
"Big Star","Sloan"
"Big Star","The Chills"
"Big Star","The dB's"
"Big Star","The Knack"
"Big Star","The Smithereens"
"Big Star","The Three O'Clock"
"Big Star","The Wondermints"
"Big Star","Velvet Crush"
"Big Star","Cracker"
"Big Star","Crowded House"
"Big Star","Dinosaur Jr."
"Big Star","Drivin' n' Cryin'"
"Big Star","Game Theory"
"Big Star","Gigolo Aunts"
"Big Star","Guided by Voices"
"Big Star","Jacobites"
"Big Star","Material Issue"
"Big Star","Michael Penn"
"Big Star","Pixies"
"Big Star","The Afghan Whigs"
"Big Star","The Bangles"
"Big Star","The Boys with the Perpetual Nervousness"
"Big Star","The Cars"
"Big Star","The Dream Syndicate"
"Big Star","The Feelies"
"Big Star","The Figgs"
"Big Star","The Lemonheads"
"Big Star","The Only Ones"
"Big Star","The Pastels"
"Big Star","The Replacements"
"Big Star","The Wedding Present"
"Big Star","Wilco"
"Big Star","XTC"
"Big Star","Bory"
"Big Star","Dr. Dog"
"Big Star","Gin Blossoms"
"Big Star","Guster"
"Big Star","Loud Family"
"Big Star","Mojave 3"
"Big Star","Nirvana"
"Big Star","OK Go"
"Big Star","Scott McCaughey"
"Big Star","Semisonic"
"Big Star","Superdrag"
"Big Star","The High Llamas"
"Big Star","The Jayhawks"
"Big Star","The New Pornographers"
"Big Star","This Mortal Coil"
"Big Star","Cocktails"
"Big Star","Phil Ajjarapu"
"Big Star","The Legal Matters"
"Big Star","The Lemon Twigs"
"Big Star","The Love-Birds"
"Big Star","The Shilohs"
"Big Star","Trent Dabbs"
"Albert King","Cream"
"Freddie King","Cream"
"Howlin' Wolf","Cream"
"John Mayall","Cream"
"Robert Johnson","Cream"
"Skip James","Cream"
"The Yardbirds","Cream"
"B.B. King","Cream"
"Muddy Waters","Cream"
"Slim Harpo","Cream"
"Willie Dixon","Cream"
"Alexis Korner","Cream"
"Buddy Guy","Cream"
"Elvin Jones","Cream"
"Otis Rush","Cream"
"Cream","AC/DC"
"Cream","Black Sabbath"
"Cream","Led Zeppelin"
"Cream","Queen"
"Cream","The Police"
"Cream","Thin Lizzy"
"Cream","Van Halen"
"Cream","Bad Company"
"Cream","Beck, Bogert & Appice"
"Cream","Boston"
"Cream","Deep Purple"
"Cream","Derek and the Dominos"
"Cream","Dio"
"Cream","Emerson, Lake & Palmer"
"Cream","Foghat"
"Cream","Free"
"Cream","Grand Funk Railroad"
"Cream","Iron Butterfly"
"Cream","Jimi Hendrix"
"Cream","Joe Satriani"
"Cream","Joe Walsh"
"Cream","Judas Priest"
"Cream","Kiss"
"Cream","Mountain"
"Cream","Pat Travers"
"Cream","Peter Frampton"
"Cream","Queens of the Stone Age"
"Cream","Rainbow"
"Cream","Ritchie Blackmore"
"Cream","Rory Gallagher"
"Cream","Rush"
"Cream","Slade"
"Cream","Spooky Tooth"
"Cream","Stevie Ray Vaughan"
"Cream","Sweet"
"Cream","Taste"
"Cream","The Guess Who"
"Cream","The London Souls"
"Cream","UFO"
"Cream","West, Bruce & Laing"
"Cream",".38 Special"
"Cream","Atomic Rooster"
"Cream","Blind Faith"
"Cream","Blue Cheer"
"Cream","Cactus"
"Cream","Gov't Mule"
"Cream","Guru Guru"
"Cream","Hawkwind"
"Cream","Heart"
"Cream","James Gang"
"Cream","Lynyrd Skynyrd"
"Cream","Montrose"
"Cream","Mott the Hoople"
"Cream","Nazareth"
"Cream","Ozzy Osbourne"
"Cream","Rare Earth"
"Cream","Robin Trower"
"Cream","Santana"
"Cream","Savoy Brown"
"Cream","Spirit"
"Cream","Steve Miller"
"Cream","The Allman Brothers Band"
"Cream","The Amboy Dukes"
"Cream","The Groundhogs"
"Cream","The Marshall Tucker Band"
"Cream","The Nazz"
"Cream","Tommy Bolin"
"Cream","Triumph"
"Cream","Wishbone Ash"
"Cream","ZZ Top"
"Cream","Blues Traveler"
"Cream","Eric Gales"
"Cream","Foreigner"
"Cream","Golden Earring"
"Cream","Jethro Tull"
"Cream","Juicy Lucy"
"Cream","Leaf Hound"
"Cream","Procol Harum"
"Cream","Rossington Collins Band"
"Cream","Scorpions"
"Cream","The Bevis Frond"
"Cream","JOY"
"Cream","Leslie West"
"The Who","The Moody Blues"
"Pink Floyd","The Moody Blues"
"Bessie Banks","The Moody Blues"
"Bob Dylan","The Moody Blues"
"Donovan","The Moody Blues"
"James Brown","The Moody Blues"
"Jefferson Airplane","The Moody Blues"
"Sonny Boy Williamson II","The Moody Blues"
"The Beach Boys","The Moody Blues"
"The Moody Blues","Alan Parsons"
"The Moody Blues","Barclay James Harvest"
"The Moody Blues","Emerson, Lake & Palmer"
"The Moody Blues","Genesis"
"The Moody Blues","Gentle Giant"
"The Moody Blues","Jethro Tull"
"The Moody Blues","Mannheim Steamroller"
"The Moody Blues","Renaissance"
"The Moody Blues","Spock's Beard"
"The Moody Blues","Starcastle"
"The Moody Blues","Supertramp"
"The Moody Blues","The Flower Kings"
"The Moody Blues","The Polyphonic Spree"
"The Moody Blues","Yes"
"Carole King","Todd Rundgren"
"Laura Nyro","Todd Rundgren"
"The Beach Boys","Todd Rundgren"
"The Kinks","Todd Rundgren"
"The Move","Todd Rundgren"
"The Who","Todd Rundgren"
"The Hollies","Todd Rundgren"
"Bob Dylan","Todd Rundgren"
"Marvin Gaye","Todd Rundgren"
"Phil Spector","Todd Rundgren"
"The Spinners","Todd Rundgren"
"Wizzard","Todd Rundgren"
"Curtis Mayfield","Todd Rundgren"
"Smokey Robinson","Todd Rundgren"
"Stevie Wonder","Todd Rundgren"
"The Rascals","Todd Rundgren"
"The Four Seasons","Todd Rundgren"
"Todd Rundgren","Michael Rault"
"Todd Rundgren","Jellyfish"
"Todd Rundgren","Jules Shear"
"Todd Rundgren","Mitch Davis"
"Todd Rundgren","Prefab Sprout"
"Todd Rundgren","Prince"
"Todd Rundgren","Ben Folds"
"Todd Rundgren","Lewis Taylor"
"Todd Rundgren","Michael Penn"
"Todd Rundgren","Aimee Mann"
"Todd Rundgren","Allie Crow Buckley"
"Todd Rundgren","Johnny Payne"
"Todd Rundgren","Keath Mead"
"Todd Rundgren","Lee Feldman"
"Todd Rundgren","Marinero"
"Todd Rundgren","Ron Sexsmith"
"Todd Rundgren","Rufus Wainwright"
"Todd Rundgren","Shintaro Sakamoto"
"Todd Rundgren","Supertramp"
"Todd Rundgren","The Rubinoos"
"Todd Rundgren","XTC"
"Todd Rundgren","Pearlfishers"
"Todd Rundgren","Semisonic"
"Todd Rundgren","The Lemon Twigs"
"Neil Sedaka","Elton John"
"The Rolling Stones","Elton John"
"The Beach Boys","Elton John"
"Long John Baldry","Elton John"
"The Hollies","Elton John"
"Liberace","Elton John"
"Manfred Mann","Elton John"
"Bob Dylan","Elton John"
"Dusty Springfield","Elton John"
"Herman's Hermits","Elton John"
"The Band","Elton John"
"David Ackles","Elton John"
"The Kinks","Elton John"
"Elton John","One Direction"
"Elton John","Scissor Sisters"
"Elton John","Billy Joel"
"Elton John","George Michael"
"Elton John","Josh Groban"
"Elton John","Rufus Wainwright"
"Elton John","Ashe"
"Elton John","Ben Folds"
"Elton John","Kesha"
"Elton John","Sam Smith"
"Elton John","Seal"
"Elton John","The Magnetic Fields"
"Elton John","Bruce Hornsby"
"Elton John","D.A. Wallach"
"Elton John","Gary Barlow"
"Elton John","Jake Wesley Rogers"
"Elton John","Jon Allen"
"Elton John","Matthew Sweet"
"Elton John","Michael W. Smith"
"Elton John","Mikey Wax"
"Elton John","Pulp"
"Elton John","Regard"
"Elton John","Rob Zombie"
"Elton John","Switches"
"Elton John","The Magic Numbers"
"Elton John","Will Jay"
"Elton John","William C. Banfield"
"Elton John","Crowded House"
"Elton John","Kate Bush"
"Elton John","Marc Cohn"
"Elton John","Paula Cole"
"Elton John","Sting"
"Elton John","Gavin DeGraw"
"Elton John","Howard Jones"
"Kings of Convenience","Turin Brakes"
"The Frames","Turin Brakes"
"Sebadoh","Turin Brakes"
"Trumans Water","Turin Brakes"
"AC/DC","Foo Fighters"
"Big Star","Foo Fighters"
"Black Sabbath","Foo Fighters"
"Elvis Costello","Foo Fighters"
"Flipper","Foo Fighters"
"Hüsker Dü","Foo Fighters"
"Kiss","Foo Fighters"
"Pixies","Foo Fighters"
"Ric Ocasek","Foo Fighters"
"Robin Zander","Foo Fighters"
"Sonic Youth","Foo Fighters"
"The Cars","Foo Fighters"
"The Stooges","Foo Fighters"
"Thin Lizzy","Foo Fighters"
"Killing Joke","Foo Fighters"
"Fugazi","Foo Fighters"
"The Jam","Foo Fighters"
"Black Flag","Foo Fighters"
"Germs","Foo Fighters"
"Mudhoney","Foo Fighters"
"R.E.M.","Foo Fighters"
"U2","Foo Fighters"
"Wipers","Foo Fighters"
"The Clash","Foo Fighters"
"Foo Fighters","The All-American Rejects"
"Foo Fighters","Fall Out Boy"
"Foo Fighters","Kygo"
"Foo Fighters","My Vitriol"
"Foo Fighters","American Hi-Fi"
"Foo Fighters","Cute Is What We Aim For"
"Foo Fighters","Motion City Soundtrack"
"Foo Fighters","OK Go"
"Foo Fighters","Panic! At the Disco"
"Foo Fighters","3 Doors Down"
"Foo Fighters","Aeges"
"Foo Fighters","AudioDamn!"
"Foo Fighters","Coffin Carousel"
"Foo Fighters","From First to Last"
"Foo Fighters","Hands Like Houses"
"Foo Fighters","James & the Cold Gun"
"Foo Fighters","White Eskimo"
"Foo Fighters","Hawthorne Heights"
"Foo Fighters","Paramore"
"Foo Fighters","Vendetta Red"
"Foo Fighters","Verbena"
"Foo Fighters","Ash"
"Foo Fighters","Disturbed"
"Foo Fighters","Plain White T's"
"Foo Fighters","The Flys"
"Paul McCartney","Billy Joel"
"Burt Bacharach","Billy Joel"
"Phil Spector","Billy Joel"
"Ray Charles","Billy Joel"
"Frankie Valli","Billy Joel"
"Bob Dylan","Billy Joel"
"Frank Sinatra","Billy Joel"
"George Gershwin","Billy Joel"
"Simon & Garfunkel","Billy Joel"
"Smokey Robinson","Billy Joel"
"The Four Seasons","Billy Joel"
"The Four Tops","Billy Joel"
"Billy Joel","Michael Bublé"
"Billy Joel","Pentatonix"
"Billy Joel","Ben Folds"
"Billy Joel","Bruce Hornsby"
"Billy Joel","Bryan Adams"
"Billy Joel","Curtis Stigers"
"Billy Joel","Dylan Hyde"
"Billy Joel","Eli Teplin"
"Billy Joel","Franky Perez"
"Billy Joel","Garth Brooks"
"Billy Joel","Grayson Hugh"
"Billy Joel","James Blunt"
"Billy Joel","Jamie Cullum"
"Billy Joel","John Mayer"
"Billy Joel","Johnnie Mikel"
"Billy Joel","Marc Cohn"
"Billy Joel","Michael W. Smith"
"Billy Joel","Mikey Wax"
"Billy Joel","Richard Marx"
"Billy Joel","Sully Erna"
"Billy Joel","The Piano Guys"
"Bob Dylan","Cat Stevens"
"Fairport Convention","Cat Stevens"
"Nina Simone","Cat Stevens"
"Pentangle","Cat Stevens"
"Peter Sarstedt","Cat Stevens"
"Richie Havens","Cat Stevens"
"Simon & Garfunkel","Cat Stevens"
"The Kinks","Cat Stevens"
"The Walker Brothers","Cat Stevens"
"Tom Jones","Cat Stevens"
"Cat Stevens","10,000 Maniacs"
"Cat Stevens","Belle and Sebastian"
"Cat Stevens","Beth Orton"
"Cat Stevens","Indigo Girls"
"Cat Stevens","Jeff Buckley"
"Cat Stevens","Joan Armatrading"
"Cat Stevens","Kita Alexander"
"Cat Stevens","Lorde"
"Cat Stevens","Luka Bloom"
"Cat Stevens","Mark Kozelek"
"Cat Stevens","Martin Sexton"
"Cat Stevens","Maxi Priest"
"Cat Stevens","Michael Waite"
"Cat Stevens","Passenger"
"Cat Stevens","Pierce Turner"
"Cat Stevens","River Matthews"
"Cat Stevens","Rosanne Cash"
"Cat Stevens","Sheppard"
"Cat Stevens","Sheryl Crow"
"Cat Stevens","Tiny Ruins"
"Cat Stevens","Victoria Williams"
"Crosby, Stills & Nash","Crowded House"
"Bee Gees","Crowded House"
"Elvis Costello","Crowded House"
"Joe Jackson","Crowded House"
"Midnight Oil","Crowded House"
"Nick Lowe","Crowded House"
"Robyn Hitchcock","Crowded House"
"Simon & Garfunkel","Crowded House"
"Squeeze","Crowded House"
"The Beach Boys","Crowded House"
"The Hollies","Crowded House"
"The Police","Crowded House"
"XTC","Crowded House"
"Crowded House","Aberfeldy"
"Crowded House","Ben Lee"
"Crowded House","Gin Blossoms"
"Crowded House","Guster"
"Crowded House","Howie Day"
"Crowded House","Kita Alexander"
"Crowded House","Michael Carpenter"
"Crowded House","Richard Ashcroft"
"Crowded House","Richard Hawley"
"Crowded House","Semisonic"
"Crowded House","The Greenberry Woods"
"Crowded House","The Kicks"
"Crowded House","The Long Winters"
"Crowded House","The Rembrandts"
"Crowded House","The Thorns"
"Crowded House","The Whitlams"
"Crowded House","Travis"
"Pink Floyd","Genesis"
"Arthur Brown","Genesis"
"Atomic Rooster","Genesis"
"Edgar Broughton Band","Genesis"
"Procol Harum","Genesis"
"Soft Machine","Genesis"
"Spencer Davis","Genesis"
"Spirit","Genesis"
"The Byrds","Genesis"
"The Nice","Genesis"
"Genesis","Ange"
"Genesis","Dream Theater"
"Genesis","Fruupp"
"Genesis","GTR"
"Genesis","IQ"
"Genesis","Ivory"
"Genesis","Marillion"
"Genesis","Neal Morse"
"Genesis","Pendragon"
"Genesis","Saga"
"Genesis","Split Enz"
"Genesis","Spock's Beard"
"Genesis","Starcastle"
"Genesis","The Flower Kings"
"Genesis","Transatlantic"
"Genesis","Travis Barker"
"Genesis","Volare"
"Genesis","White Willow"
"Howlin' Wolf","Jimi Hendrix"
"Muddy Waters","Jimi Hendrix"
"Robert Johnson","Jimi Hendrix"
"T-Bone Walker","Jimi Hendrix"
"The Impressions","Jimi Hendrix"
"The Yardbirds","Jimi Hendrix"
"Bo Diddley","Jimi Hendrix"
"Buddy Guy","Jimi Hendrix"
"Elmore James","Jimi Hendrix"
"Freddie King","Jimi Hendrix"
"Hubert Sumlin","Jimi Hendrix"
"Jimmy Reed","Jimi Hendrix"
"Little Walter","Jimi Hendrix"
"Lonnie Mack","Jimi Hendrix"
"Albert Collins","Jimi Hendrix"
"Bobby Womack","Jimi Hendrix"
"Curtis Mayfield","Jimi Hendrix"
"Earl Hooker","Jimi Hendrix"
"Esquerita","Jimi Hendrix"
"John Coltrane","Jimi Hendrix"
"Johnny ""Guitar"" Watson","Jimi Hendrix"
"B.B. King","Jimi Hendrix"
"Charley Patton","Jimi Hendrix"
"Ike Turner","Jimi Hendrix"
"James Brown","Jimi Hendrix"
"Johnny Jenkins","Jimi Hendrix"
"King Curtis","Jimi Hendrix"
"Randy Hansen","Jimi Hendrix"
"The Isley Brothers","Jimi Hendrix"
"Charlie Christian","Jimi Hendrix"
"Jimi Hendrix","Joe Satriani"
"Jimi Hendrix","Joe Walsh"
"Jimi Hendrix","Lenny Kravitz"
"Jimi Hendrix","Steve Vai"
"Jimi Hendrix","Stevie Ray Vaughan"
"Jimi Hendrix","Beck, Bogert & Appice"
"Jimi Hendrix","Black Sabbath"
"Jimi Hendrix","Brian May"
"Jimi Hendrix","Eddie Hazel"
"Jimi Hendrix","Eric Johnson"
"Jimi Hendrix","Funkadelic"
"Jimi Hendrix","Gary Moore"
"Jimi Hendrix","James Gang"
"Jimi Hendrix","Jeff Healey"
"Jimi Hendrix","Johnny Winter"
"Jimi Hendrix","Led Zeppelin"
"Jimi Hendrix","Living Colour"
"Jimi Hendrix","Miles Davis"
"Jimi Hendrix","Montrose"
"Jimi Hendrix","Otis Taylor"
"Jimi Hendrix","Pat Metheny"
"Jimi Hendrix","Prince"
"Jimi Hendrix","Queens of the Stone Age"
"Jimi Hendrix","Red Hot Chili Peppers"
"Jimi Hendrix","Ritchie Blackmore"
"Jimi Hendrix","Robert Cray"
"Jimi Hendrix","Robert Fripp"
"Jimi Hendrix","Robin Trower"
"Jimi Hendrix","Santana"
"Jimi Hendrix","Sonny Sharrock"
"Jimi Hendrix","Spirit"
"Jimi Hendrix","Tommy Bolin"
"Jimi Hendrix","Tony Iommi"
"Jimi Hendrix","Van Halen"
"Jimi Hendrix","Yngwie Malmsteen"
"Jimi Hendrix","ZZ Top"
"Jimi Hendrix","Ayron Jones"
"Jimi Hendrix","Blind Faith"
"Jimi Hendrix","Blue Cheer"
"Jimi Hendrix","Bruno Mars"
"Jimi Hendrix","Crazy Horse"
"Jimi Hendrix","Derek and the Dominos"
"Jimi Hendrix","Free"
"Jimi Hendrix","John Frusciante"
"Jimi Hendrix","Judas Priest"
"Jimi Hendrix","Kiss"
"Jimi Hendrix","Larry Coryell"
"Jimi Hendrix","Mdou Moctar"
"Jimi Hendrix","Meresha"
"Jimi Hendrix","Michael Schenker"
"Jimi Hendrix","Mick Ronson"
"Jimi Hendrix","Mountain"
"Jimi Hendrix","Peter Frampton"
"Jimi Hendrix","Rush"
"Jimi Hendrix","Slash"
"Jimi Hendrix","Thin Lizzy"
"Jimi Hendrix","Bill Frisell"
"Jimi Hendrix","Chrome"
"Jimi Hendrix","Grand Funk Railroad"
"Jimi Hendrix","James Blood Ulmer"
"Jimi Hendrix","Jean-Paul Bourelly"
"Jimi Hendrix","Miguel"
"Jimi Hendrix","OutKast"
"Jimi Hendrix","Rafiq Bhatia"
"Jimi Hendrix","T. Rex"
"Jimi Hendrix","Ted Nugent"
"Jimi Hendrix","The London Souls"
"Jimi Hendrix","The Stone Roses"
"Jimi Hendrix","The Stooges"
"Jimi Hendrix","Zakk Wylde"
"Jimi Hendrix","Blessed"
"Jimi Hendrix","Blue Snaggletooth"
"Jimi Hendrix","Bob Mould"
"Jimi Hendrix","Dan Sultan"
"Jimi Hendrix","Fanny"
"Jimi Hendrix","Flatbush Zombies"
"Jimi Hendrix","JOY"
"Jimi Hendrix","Kaleidoscope"
"Jimi Hendrix","Lee Michaels"
"Jimi Hendrix","Leon Thomas"
"Jimi Hendrix","Lukas Nelson"
"Jimi Hendrix","Lynch Mob"
"Jimi Hendrix","Moti"
"Jimi Hendrix","No Suits"
"Jimi Hendrix","Ocean Alley"
"Jimi Hendrix","Philip Sayce"
"Jimi Hendrix","River Tiber"
"Jimi Hendrix","Scarface"
"Jimi Hendrix","Seddy Hendrinx"
"Jimi Hendrix","Shafiq Husayn"
"Jimi Hendrix","Stonefield"
"Jimi Hendrix","Wayne Horvitz"
"Jimi Hendrix","William C. Banfield"
"Jimi Hendrix","WZRD"
"Jimi Hendrix","Samsara Blues Experiment"
"The Byrds","Jefferson Airplane"
"Buffalo Springfield","Jefferson Airplane"
"The Rolling Stones","Jefferson Airplane"
"The Lovin' Spoonful","Jefferson Airplane"
"Timothy Leary","Jefferson Airplane"
"Skip James","Jefferson Airplane"
"Joan Baez","Jefferson Airplane"
"Peter, Paul and Mary","Jefferson Airplane"
"Fred Neil","Jefferson Airplane"
"Rev. Gary Davis","Jefferson Airplane"
"Jefferson Airplane","Fairport Convention"
"Jefferson Airplane","The Bevis Frond"
"Jefferson Airplane","Gomez"
"Jefferson Airplane","The Coral"
"Jefferson Airplane","The Dream Syndicate"
"Jefferson Airplane","Edie Brickell"
"Jefferson Airplane","R.E.M."
"Jefferson Airplane","Crosby, Stills & Nash"
"Jefferson Airplane","Dan Luke and the Raid"
"Jefferson Airplane","Green on Red"
"Jefferson Airplane","Kaleidoscope"
"Jefferson Airplane","Mazzy Star"
"Jefferson Airplane","The Charlatans"
"Jefferson Airplane","The Swimming Pool Q's"
"Jefferson Airplane","Eclection"
"Jefferson Airplane","Opal"
"Jefferson Airplane","The Bangles"
"Jefferson Airplane","The Green Pajamas"
"Jefferson Airplane","Komeda"
"Jefferson Airplane","The Three O'Clock"
"Bob Dylan","Yes"
"Buffalo Springfield","Yes"
"Colosseum","Yes"
"Pink Floyd","Yes"
"Richie Havens","Yes"
"Simon & Garfunkel","Yes"
"Soft Machine","Yes"
"The Beach Boys","Yes"
"The Byrds","Yes"
"The Kinks","Yes"
"The Nice","Yes"
"Tomorrow","Yes"
"Vanilla Fudge","Yes"
"Yes","Kevin Kiner"
"Yes","Asia"
"Yes","Dream Theater"
"Yes","Elder"
"Yes","Geese"
"Yes","GTR"
"Yes","IQ"
"Yes","Ivory"
"Yes","Kansas"
"Yes","Magnum"
"Yes","Marillion"
"Yes","Once & Future Band"
"Yes","Pendragon"
"Yes","Spock's Beard"
"Yes","Starcastle"
"Yes","The Flower Kings"
"Yes","Todd Rundgren"
"Yes","Transatlantic"
"Yes","U.K."
"Yes","Underground Railroad"
"Yes","White Willow"
"Yes","Yelawolf"
"Small Faces","Blur"
"Syd Barrett","Blur"
"The Jam","Blur"
"The Kinks","Blur"
"The Smiths","Blur"
"The Specials","Blur"
"The Stone Roses","Blur"
"The Teardrop Explodes","Blur"
"The Walker Brothers","Blur"
"XTC","Blur"
"Madness","Blur"
"Squeeze","Blur"
"Duran Duran","Blur"
"Gary Numan","Blur"
"Pavement","Blur"
"Pink Floyd","Blur"
"Soft Machine","Blur"
"Sonic Youth","Blur"
"Spacemen 3","Blur"
"The Velvet Underground","Blur"
"The Who","Blur"
"Wire","Blur"
"Blur","Bastille"
"Blur","Babybird"
"Blur","Beady Eye"
"Blur","Black Honey"
"Blur","Cast"
"Blur","Dodgy"
"Blur","Elastica"
"Blur","Fun Lovin' Criminals"
"Blur","Gene"
"Blur","Japandroids"
"Blur","Longpigs"
"Blur","Menswear"
"Blur","Nicky Blitz"
"Blur","Paper Route"
"Blur","Rat Boy"
"Blur","Stereophonics"
"Blur","Supergrass"
"Blur","The Bluetones"
"Blur","The Cardigans"
"Blur","The Interpreters"
"Blur","The Make-Up"
"Blur","Thyla"
"Blur","Titanic Sinclair"
"Blur","You Am I"
"a-ha","Coldplay"
"Jeff Buckley","Coldplay"
"Radiohead","Coldplay"
"Echo & the Bunnymen","Coldplay"
"Nick Drake","Coldplay"
"R.E.M.","Coldplay"
"The Smiths","Coldplay"
"U2","Coldplay"
"Catherine Wheel","Coldplay"
"Seal","Coldplay"
"James","Coldplay"
"The Stone Roses","Coldplay"
"The Verve","Coldplay"
"Blur","Coldplay"
"Ride","Coldplay"
"Coldplay","James Blunt"
"Coldplay","Olly Murs"
"Coldplay","Imagine Dragons"
"Coldplay","OneRepublic"
"Coldplay","Vance Joy"
"Coldplay","Andy Grammer"
"Coldplay","Echosmith"
"Coldplay","Ian Sweet"
"Coldplay","Keane"
"Coldplay","Paolo Nutini"
"Coldplay","Snow Patrol"
"Coldplay","Daya"
"Coldplay","The Chainsmokers"
"Coldplay","The Fray"
"Coldplay","Acceptance"
"Coldplay","AJ Mitchell"
"Coldplay","Amy Vachal"
"Coldplay","Aqualung"
"Coldplay","Augustana"
"Coldplay","Basic Vacation"
"Coldplay","Blake Rose"
"Coldplay","Blue Merle"
"Coldplay","Boy Epic"
"Coldplay","Boyce Avenue"
"Coldplay","Chris Rice"
"Coldplay","Christina Perri"
"Coldplay","Coasts"
"Coldplay","Damien Rice"
"Coldplay","Daniel Powter"
"Coldplay","De Novo Dahl"
"Coldplay","DeVotchKa"
"Coldplay","Dylan Dunlap"
"Coldplay","Eisley"
"Coldplay","Elevation Worship"
"Coldplay","Flatbush Zombies"
"Coldplay","Fleurie"
"Coldplay","Hot Chelle Rae"
"Coldplay","Judah & the Lion"
"Coldplay","Kasabian"
"Coldplay","Matt Hartke"
"Coldplay","Nick Howard"
"Coldplay","Olivia Lunny"
"Coldplay","Passport to Stockholm"
"Coldplay","Rae Morris"
"Coldplay","Saint Mesa"
"Coldplay","Shawn Hook"
"Coldplay","Sheppard"
"Coldplay","Terence Ryan"
"Coldplay","The Perishers"
"Coldplay","The Shore"
"Coldplay","Thomas Headon"
"Coldplay","Urban Rescue"
"Coldplay","Violet Days"
"Coldplay","XXXTentacion"
"The Byrds","Buffalo Springfield"
"Buck Owens","Buffalo Springfield"
"Eric Andersen","Buffalo Springfield"
"Fred Neil","Buffalo Springfield"
"Hank Williams","Buffalo Springfield"
"Johnny Cash","Buffalo Springfield"
"Phil Spector","Buffalo Springfield"
"Ramblin' Jack Elliott","Buffalo Springfield"
"Simon & Garfunkel","Buffalo Springfield"
"The Everly Brothers","Buffalo Springfield"
"The Hollies","Buffalo Springfield"
"The Rolling Stones","Buffalo Springfield"
"Tom Paxton","Buffalo Springfield"
"Buffalo Springfield","Alejandro Escovedo"
"Buffalo Springfield","Beachwood Sparks"
"Buffalo Springfield","Crosby, Stills & Nash"
"Buffalo Springfield","Eagles"
"Buffalo Springfield","Fever Tree"
"Buffalo Springfield","Gene Clark"
"Buffalo Springfield","GospelbeacH"
"Buffalo Springfield","Haruomi Hosono"
"Buffalo Springfield","Liquor Giants"
"Buffalo Springfield","Lucinda Williams"
"Buffalo Springfield","My Morning Jacket"
"Buffalo Springfield","Rhinos"
"Buffalo Springfield","Rosanne Cash"
"Buffalo Springfield","The Asteroid No. 4"
"Buffalo Springfield","The Flying Burrito Brothers"
"Buffalo Springfield","The Thrills"
"Buffalo Springfield","Train"
"Buffalo Springfield","Uncle Tupelo"
"Nick Drake","Elliott Smith"
"Chris Bell","Elliott Smith"
"Jackson Browne","Elliott Smith"
"James Taylor","Elliott Smith"
"Pavement","Elliott Smith"
"Big Star","Elliott Smith"
"Bob Dylan","Elliott Smith"
"Bobbie Gentry","Elliott Smith"
"Elvis Costello","Elliott Smith"
"Game Theory","Elliott Smith"
"Janis Ian","Elliott Smith"
"Neil Young","Elliott Smith"
"Paul Simon","Elliott Smith"
"Red House Painters","Elliott Smith"
"The Beach Boys","Elliott Smith"
"The Kinks","Elliott Smith"
"The Left Banke","Elliott Smith"
"Todd Rundgren","Elliott Smith"
"Tom Waits","Elliott Smith"
"Elliott Smith","Prateek Kuhad"
"Elliott Smith","Alex G"
"Elliott Smith","Bory"
"Elliott Smith","Caleb Nichols"
"Elliott Smith","Winterpills"
"Elliott Smith","Justus Proffit"
"Elliott Smith","L.A. Salami"
"Elliott Smith","Momma"
"Elliott Smith","Andrew Bird"
"Elliott Smith","Andy Shauf"
"Elliott Smith","Angel Kaplan"
"Elliott Smith","Angelo De Augustine"
"Elliott Smith","Anna Cordell"
"Elliott Smith","Austin Plaine"
"Elliott Smith","Badly Drawn Boy"
"Elliott Smith","Band of Horses"
"Elliott Smith","Bellows"
"Elliott Smith","Bright Eyes"
"Elliott Smith","Calexico"
"Elliott Smith","Dolorean"
"Elliott Smith","Ed Harcourt"
"Elliott Smith","Ed Sheeran"
"Elliott Smith","El Kempner"
"Elliott Smith","Elbow"
"Elliott Smith","gnash"
"Elliott Smith","Harrison Whitford"
"Elliott Smith","Iron & Wine"
"Elliott Smith","Jason Anderson"
"Elliott Smith","Jeff Hanson"
"Elliott Smith","jeremy messersmith"
"Elliott Smith","José González"
"Elliott Smith","Lightspeed Champion"
"Elliott Smith","Lizzy McAlpine"
"Elliott Smith","Luke Temple"
"Elliott Smith","Margaret Glaspy"
"Elliott Smith","Marika Hackman"
"Elliott Smith","Okkervil River"
"Elliott Smith","Palehound"
"Elliott Smith","Paper Route"
"Elliott Smith","Quasi"
"Elliott Smith","Rose Dorn"
"Elliott Smith","Skyler Stonestreet"
"Elliott Smith","Sufjan Stevens"
"Elliott Smith","Tess Parks"
"Elliott Smith","The Boys with the Perpetual Nervousness"
"Elliott Smith","The Essex Green"
"Elliott Smith","The National"
"Elliott Smith","The New Amsterdams"
"Elliott Smith","Titanic Sinclair"
"Elliott Smith","tofusmell"
"Sex Pistols","The Police"
"Bob Marley","The Police"
"David Bowie","The Police"
"Jimi Hendrix","The Police"
"Jimmy Cliff","The Police"
"Marvin Gaye","The Police"
"Robert Fripp","The Police"
"Roxy Music","The Police"
"Smokey Robinson","The Police"
"Stevie Wonder","The Police"
"The Clash","The Police"
"Toots & the Maytals","The Police"
"Weather Report","The Police"
"The Police","Bruno Mars"
"The Police","Jonas Brothers"
"The Police","No Doubt"
"The Police","Adam Levine"
"The Police","Culture Club"
"The Police","Dave Matthews"
"The Police","Dirty Ghosts"
"The Police","Dive In"
"The Police","Dua Lipa"
"The Police","Fictionist"
"The Police","Fine Young Cannibals"
"The Police","Jetta"
"The Police","Magic!"
"The Police","Maná"
"The Police","Men at Work"
"The Police","Oingo Boingo"
"The Police","Primus"
"The Police","Remo Drive"
"The Police","Skank"
"The Police","Soda Stereo"
"The Police","Some Velvet Morning"
"The Police","Sublime"
"The Police","The Exit"
"The Police","The New Radicals"
"The Police","The Outfield"
"The Police","TobyMac"
"The Police","Walk the Moon"
"Faces","The Replacements"
"Hüsker Dü","The Replacements"
"Ramones","The Replacements"
"The Rolling Stones","The Replacements"
"Alex Chilton","The Replacements"
"John Lennon","The Replacements"
"Johnny Thunders","The Replacements"
"Kiss","The Replacements"
"New York Dolls","The Replacements"
"Pretenders","The Replacements"
"Sex Pistols","The Replacements"
"Aerosmith","The Replacements"
"Alice Cooper","The Replacements"
"Black Flag","The Replacements"
"Led Zeppelin","The Replacements"
"Marc Bolan","The Replacements"
"Nick Lowe","The Replacements"
"The Clash","The Replacements"
"Tom Petty","The Replacements"
"Buzzcocks","The Replacements"
"D.O.A.","The Replacements"
"The Damned","The Replacements"
"The Only Ones","The Replacements"
"The Radiators","The Replacements"
"The Replacements","Nirvana"
"The Replacements","Ryan Adams"
"The Replacements","Superchunk"
"The Replacements","The Afghan Whigs"
"The Replacements","Wilco"
"The Replacements","Buffalo Tom"
"The Replacements","Goo Goo Dolls"
"The Replacements","Guided by Voices"
"The Replacements","The Hold Steady"
"The Replacements","The Lemonheads"
"The Replacements","The Presidents of the United States of America"
"The Replacements","Urge Overkill"
"The Replacements","Against Me!"
"The Replacements","Ass Ponys"
"The Replacements","Beach Slang"
"The Replacements","Everclear"
"The Replacements","Gin Blossoms"
"The Replacements","Jawbreaker"
"The Replacements","Liz Phair"
"The Replacements","Matthew Sweet"
"The Replacements","New Bomb Turks"
"The Replacements","Odds"
"The Replacements","Old 97's"
"The Replacements","Rocket from the Crypt"
"The Replacements","Silkworm"
"The Replacements","Squirrel Bait"
"The Replacements","Supergrass"
"The Replacements","The Buck Pets"
"The Replacements","The Strokes"
"The Replacements","Uncle Tupelo"
"The Replacements","Vic Chesnutt"
"The Replacements","Chris Mills"
"The Replacements","Cold War Kids"
"The Replacements","Constantines"
"The Replacements","Cracker"
"The Replacements","Dramarama"
"The Replacements","Green Day"
"The Replacements","Jason Anderson"
"The Replacements","Jesse Malin"
"The Replacements","Josh Rouse"
"The Replacements","Lucero"
"The Replacements","Marah"
"The Replacements","Rheostatics"
"The Replacements","The Dambuilders"
"The Replacements","The Decemberists"
"The Replacements","Thomas Jefferson Slave Apartments"
"The Replacements","Bad//Dreems"
"The Replacements","Bully"
"The Replacements","Dinosaur Eyelids"
"The Replacements","Doug Keith"
"The Replacements","Gang of Youths"
"The Replacements","Nick Piunti"
"The Replacements","Quiet Slang"
"The Replacements","Single Mothers"
"The Replacements","The Bootheels"
"The Replacements","The Districts"
"The Replacements","The Everymen"
"The Replacements","The Gotobeds"
"Brian Eno","U2"
"David Bowie","U2"
"Joy Division","U2"
"Sex Pistols","U2"
"Television","U2"
"The Clash","U2"
"The Velvet Underground","U2"
"The Who","U2"
"Lou Reed","U2"
"Thin Lizzy","U2"
"Patti Smith","U2"
"Roxy Music","U2"
"The Jam","U2"
"The Rolling Stones","U2"
"The Undertones","U2"
"Van Morrison","U2"
"Lee Clayton","U2"
"Marc Bolan","U2"
"U2","Juanes"
"U2","Arcade Fire"
"U2","Doves"
"U2","Imagine Dragons"
"U2","Jonas Brothers"
"U2","Oasis"
"U2","Radiohead"
"U2","Razorlight"
"U2","Snow Patrol"
"U2","The 1975"
"U2","The Cranberries"
"U2","The Verve"
"U2","Travis"
"U2","Bloc Party"
"U2","Daniel Lanois"
"U2","Green Day"
"U2","Guillemots"
"U2","Hothouse Flowers"
"U2","Live"
"U2","Manic Street Preachers"
"U2","Placebo"
"U2","Sinéad O'Connor"
"U2","Sunny Day Real Estate"
"U2","The Frames"
"U2","The Mission"
"U2","The Sundays"
"U2","Toad the Wet Sprocket"
"U2","Garbage"
"U2","James"
"U2","Josh Groban"
"U2","Keane"
"U2","Lifehouse"
"U2","Moby"
"U2","Seal"
"U2","The Fray"
"U2","Acceptance"
"U2","Andy Black"
"U2","Cactus World News"
"U2","Creed"
"U2","David Gray"
"U2","Elevation Worship"
"U2","Gang of Youths"
"U2","Jimmy Gnecco"
"U2","Magic!"
"U2","Matt Berninger"
"U2","Mayday"
"U2","Muse"
"U2","OneRepublic"
"U2","Pearl Jam"
"U2","RUNAGROUND"
"U2","Shawn Hook"
"U2","Sheppard"
"U2","Skillet"
"U2","Some Velvet Morning"
"U2","The Choir"
"U2","Third Day"
"U2","TobyMac"
"U2","Urban Rescue"
"U2","Wilder Woods"
"U2","Gus Black"
"Crosby, Stills & Nash","Grateful Dead"
"Howlin' Wolf","Grateful Dead"
"Jimmy Reed","Grateful Dead"
"Rev. Gary Davis","Grateful Dead"
"The Byrds","Grateful Dead"
"Woody Guthrie","Grateful Dead"
"Bill Monroe","Grateful Dead"
"Bobby ""Blue"" Bland","Grateful Dead"
"Bobby Womack","Grateful Dead"
"Cannon's Jug Stompers","Grateful Dead"
"Doc Watson","Grateful Dead"
"Elmore James","Grateful Dead"
"Hank Williams","Grateful Dead"
"Marty Robbins","Grateful Dead"
"Merle Haggard","Grateful Dead"
"The Rolling Stones","Grateful Dead"
"Elizabeth Cotten","Grateful Dead"
"Jim Kweskin","Grateful Dead"
"Muddy Waters","Grateful Dead"
"Otis Redding","Grateful Dead"
"Ramblin' Jack Elliott","Grateful Dead"
"The Holy Modal Rounders","Grateful Dead"
"The Meters","Grateful Dead"
"Blind Boy Fuller","Grateful Dead"
"Bonnie Dobson","Grateful Dead"
"Charley Patton","Grateful Dead"
"Henry Thomas","Grateful Dead"
"Mississippi Fred McDowell","Grateful Dead"
"Mississippi Sheiks","Grateful Dead"
"Obray Ramsey","Grateful Dead"
"Slim Harpo","Grateful Dead"
"The Dixie Cups","Grateful Dead"
"Grateful Dead","Big Head Todd & the Monsters"
"Grateful Dead","Blues Traveler"
"Grateful Dead","Dave Matthews"
"Grateful Dead","Little Feat"
"Grateful Dead","Phish"
"Grateful Dead","The Marshall Tucker Band"
"Grateful Dead","Widespread Panic"
"Grateful Dead","Animal Collective"
"Grateful Dead","Brinsley Schwarz"
"Grateful Dead","Bruce Hornsby"
"Grateful Dead","Commander Cody and His Lost Planet Airmen"
"Grateful Dead","Cowboy Junkies"
"Grateful Dead","G. Love & Special Sauce"
"Grateful Dead","Gov't Mule"
"Grateful Dead","Los Lobos"
"Grateful Dead","Meat Puppets"
"Grateful Dead","moe."
"Grateful Dead","NRBQ"
"Grateful Dead","Quicksilver Messenger Service"
"Grateful Dead","The Doobie Brothers"
"Grateful Dead","The Samples"
"Grateful Dead","The String Cheese Incident"
"Grateful Dead","311"
"Grateful Dead","Blind Melon"
"Grateful Dead","Cracker"
"Grateful Dead","Dixie Dregs"
"Grateful Dead","Dr. Hook & the Medicine Show"
"Grateful Dead","Ekoostik Hookah"
"Grateful Dead","Greg Brown"
"Grateful Dead","Lila Downs"
"Grateful Dead","New Grass Revival"
"Grateful Dead","O.A.R."
"Grateful Dead","Primus"
"Grateful Dead","Rusted Root"
"Grateful Dead","Spin Doctors"
"Grateful Dead","Tangerine Dream"
"Grateful Dead","The Coral"
"Grateful Dead","The Wallflowers"
"Grateful Dead","Umphrey's McGee"
"Grateful Dead","Wilco"
"Grateful Dead","From Good Homes"
"Grateful Dead","God Street Wine"
"Grateful Dead","Joe Gallant & Illuminati"
"Grateful Dead","Leftover Salmon"
"Grateful Dead","North Mississippi Allstars"
"Grateful Dead","Solar Circus"
"Grateful Dead","The Disco Biscuits"
"Grateful Dead","The Jayhawks"
"Grateful Dead","Yonder Mountain String Band"
"Grateful Dead","Zero"
"Grateful Dead","ALO"
"Grateful Dead","Bruce Hornsby & the Noisemakers"
"Grateful Dead","Cordovas"
"Grateful Dead","Goose"
"Grateful Dead","Kursaal Flyers"
"Grateful Dead","Phoebe Ryan"
"Grateful Dead","Promised Land Sound"
"Grateful Dead","Simo"
"Grateful Dead","STS9"
"Grateful Dead","Teddy and the Rough Riders"
"Grateful Dead","Warren Haynes"
"Devo","Weezer"
"Kiss","Weezer"
"The Cars","Weezer"
"The Knack","Weezer"
"Van Halen","Weezer"
"Buzzcocks","Weezer"
"Dinosaur Jr.","Weezer"
"Elvis Costello","Weezer"
"Green Day","Weezer"
"Nirvana","Weezer"
"Pixies","Weezer"
"Ramones","Weezer"
"Ric Ocasek","Weezer"
"Sebadoh","Weezer"
"Sonic Youth","Weezer"
"The Beach Boys","Weezer"
"The Feelies","Weezer"
"Beat Happening","Weezer"
"Pavement","Weezer"
"Superchunk","Weezer"
"The Flaming Lips","Weezer"
"They Might Be Giants","Weezer"
"Yo La Tengo","Weezer"
"Shudder to Think","Weezer"
"Split Enz","Weezer"
"Wreckless Eric","Weezer"
"Odds","Weezer"
"Weezer","Boys Like Girls"
"Weezer","Fall Out Boy"
"Weezer","Jimmy Eat World"
"Weezer","Nada Surf"
"Weezer","OK Go"
"Weezer","Ovens"
"Weezer","Plain White T's"
"Weezer","The Get Up Kids"
"Weezer","Bloodhound Gang"
"Weezer","Bowling for Soup"
"Weezer","Dashboard Confessional"
"Weezer","Good Charlotte"
"Weezer","Jonas Brothers"
"Weezer","Midtown"
"Weezer","Nerf Herder"
"Weezer","New Found Glory"
"Weezer","Saves the Day"
"Weezer","Simple Plan"
"Weezer","Taking Back Sunday"
"Weezer","The All-American Rejects"
"Weezer","The Chainsmokers"
"Weezer","Biffy Clyro"
"Weezer","Brand New"
"Weezer","Cymbals Eat Guitars"
"Weezer","Death Cab for Cutie"
"Weezer","Forever the Sickest Kids"
"Weezer","Lincoln"
"Weezer","Motion City Soundtrack"
"Weezer","Relient K"
"Weezer","Rogue Wave"
"Weezer","Rooney"
"Weezer","Someone Still Loves You Boris Yeltsin"
"Weezer","Sum 41"
"Weezer","The Academy Is..."
"Weezer","Tsar"
"Weezer","Vendetta Red"
"Weezer","Veruca Salt"
"Weezer","Violent Soho"
"Weezer","Kentucky Nightmare"
"Weezer","The Beths"
"Weezer","The Pink Spiders"
"Weezer","Titus Andronicus"
"Weezer","Anamanaguchi"
"Weezer","Charly Bliss"
"Weezer","Chino Moreno"
"Weezer","Durry"
"Weezer","Glitterer"
"Weezer","Happy Diving"
"Weezer","No Buses"
"Weezer","Puppy"
"Weezer","Remo Drive"
"Weezer","Secret Someones"
"Weezer","Spill Your Guts"
"Weezer","The Boys with the Perpetual Nervousness"
"Weezer","The Rare Occasions"
"Weezer","Titanic Sinclair"
"Weezer","Tony Molina"
"Earl Sweatshirt","Billie Eilish"
"Tyler, The Creator","Billie Eilish"
"AURORA","Billie Eilish"
"Frank Ocean","Billie Eilish"
"Halsey","Billie Eilish"
"Khalid","Billie Eilish"
"Marina and the Diamonds","Billie Eilish"
"Nicki Minaj","Billie Eilish"
"The 1975","Billie Eilish"
"The Weeknd","Billie Eilish"
"Tove Lo","Billie Eilish"
"Amy Winehouse","Billie Eilish"
"Kesha","Billie Eilish"
"Lana Del Rey","Billie Eilish"
"Selena Gomez","Billie Eilish"
"The Chainsmokers","Billie Eilish"
"Bon Iver","Billie Eilish"
"Childish Gambino","Billie Eilish"
"Skylar Grey","Billie Eilish"
"Frank Sinatra","Billie Eilish"
"Billie Eilish","Doria D"
"Billie Eilish","Kami Kehoe"
"Billie Eilish","Presley Regier"
"Alexis Korner","Traffic"
"Bob Dylan","Traffic"
"Georgie Fame","Traffic"
"Graham Bond","Traffic"
"John Mayall","Traffic"
"Paul Butterfield","Traffic"
"Ray Charles","Traffic"
"The Animals","Traffic"
"The Byrds","Traffic"
"The Pretty Things","Traffic"
"The Rascals","Traffic"
"The Yardbirds","Traffic"
"Them","Traffic"
"Yusef Lateef","Traffic"
"Traffic","Complex"
"Traffic","Blues Traveler"
"Traffic","Cold Chisel"
"Traffic","Dave Greenslade"
"Traffic","Dave Matthews"
"Traffic","Fairport Convention"
"Traffic","Gomez"
"Traffic","Gorky's Zygotic Mynci"
"Traffic","Jethro Tull"
"Traffic","Paul Carrack"
"Traffic","Paul Weller"
"Traffic","Pentangle"
"Traffic","Phish"
"Traffic","Spin Doctors"
"Traffic","Super Furry Animals"
"Traffic","Talk Talk"
"Traffic","XTC"
"Felt","Belle and Sebastian"
"Nick Drake","Belle and Sebastian"
"June Brides","Belle and Sebastian"
"Love","Belle and Sebastian"
"The Field Mice","Belle and Sebastian"
"The Go-Betweens","Belle and Sebastian"
"The Left Banke","Belle and Sebastian"
"The Smiths","Belle and Sebastian"
"Al Stewart","Belle and Sebastian"
"Bee Gees","Belle and Sebastian"
"Burt Bacharach","Belle and Sebastian"
"Dexys Midnight Runners","Belle and Sebastian"
"Elvis Costello","Belle and Sebastian"
"Moose","Belle and Sebastian"
"Orange Juice","Belle and Sebastian"
"Pulp","Belle and Sebastian"
"Simon & Garfunkel","Belle and Sebastian"
"The Association","Belle and Sebastian"
"The Beach Boys","Belle and Sebastian"
"The Housemartins","Belle and Sebastian"
"The Kinks","Belle and Sebastian"
"The Trash Can Sinatras","Belle and Sebastian"
"Josef K","Belle and Sebastian"
"The Velvet Underground","Belle and Sebastian"
"Belle and Sebastian","Kings of Convenience"
"Belle and Sebastian","Aberfeldy"
"Belle and Sebastian","Autocamper"
"Belle and Sebastian","Camera Obscura"
"Belle and Sebastian","Crywank"
"Belle and Sebastian","Future Pilot A.K.A."
"Belle and Sebastian","Jens Lekman"
"Belle and Sebastian","Life in Film"
"Belle and Sebastian","Literature"
"Belle and Sebastian","Los Campesinos!"
"Belle and Sebastian","Stars"
"Belle and Sebastian","Sufjan Stevens"
"Belle and Sebastian","The Decemberists"
"Belle and Sebastian","The Hidden Cameras"
"Belle and Sebastian","The Magic Numbers"
"Belle and Sebastian","The New Pornographers"
"Belle and Sebastian","The xx"
"Belle and Sebastian","Typhoon"
"Belle and Sebastian","Young and Sexy"
"Fairport Convention","Led Zeppelin"
"Howlin' Wolf","Led Zeppelin"
"Muddy Waters","Led Zeppelin"
"Otis Rush","Led Zeppelin"
"Sonny Boy Williamson II","Led Zeppelin"
"Willie Dixon","Led Zeppelin"
"Anne Briggs","Led Zeppelin"
"Bert Jansch","Led Zeppelin"
"John Renbourn","Led Zeppelin"
"Roy Harper","Led Zeppelin"
"The Creation","Led Zeppelin"
"The Rolling Stones","Led Zeppelin"
"Blind Willie Johnson","Led Zeppelin"
"Davy Graham","Led Zeppelin"
"Fleetwood Mac","Led Zeppelin"
"Ike Turner","Led Zeppelin"
"James Cotton","Led Zeppelin"
"Johnny Burnette","Led Zeppelin"
"Lead Belly","Led Zeppelin"
"Memphis Minnie","Led Zeppelin"
"Moby Grape","Led Zeppelin"
"Robert Johnson","Led Zeppelin"
"Small Faces","Led Zeppelin"
"Jake Holmes","Led Zeppelin"
"Spirit","Led Zeppelin"
"Tim Rose","Led Zeppelin"
"Led Zeppelin","AC/DC"
"Led Zeppelin","Deep Purple"
"Led Zeppelin","Heart"
"Led Zeppelin","Jane's Addiction"
"Led Zeppelin","Judas Priest"
"Led Zeppelin","The Cult"
"Led Zeppelin","Thin Lizzy"
"Led Zeppelin","Van Halen"
"Led Zeppelin","Bad Company"
"Led Zeppelin","Bon Jovi"
"Led Zeppelin","Bonham"
"Led Zeppelin","Boston"
"Led Zeppelin","Def Leppard"
"Led Zeppelin","Diamond Head"
"Led Zeppelin","Dio"
"Led Zeppelin","Great White"
"Led Zeppelin","Guns N' Roses"
"Led Zeppelin","Iron Maiden"
"Led Zeppelin","Joan Jett"
"Led Zeppelin","Kiss"
"Led Zeppelin","Lenny Kravitz"
"Led Zeppelin","Lez Zeppelin"
"Led Zeppelin","Metallica"
"Led Zeppelin","Michael Schenker"
"Led Zeppelin","Montrose"
"Led Zeppelin","Poison"
"Led Zeppelin","Queen"
"Led Zeppelin","Queens of the Stone Age"
"Led Zeppelin","Queensrÿche"
"Led Zeppelin","Soundgarden"
"Led Zeppelin","Spinal Tap"
"Led Zeppelin","Twisted Sister"
"Led Zeppelin","UFO"
"Led Zeppelin","Whitesnake"
"Led Zeppelin","Black Oak Arkansas"
"Led Zeppelin","Dread Zeppelin"
"Led Zeppelin","Hanoi Rocks"
"Led Zeppelin","Journey"
"Led Zeppelin","King's X"
"Led Zeppelin","Kingdom Come"
"Led Zeppelin","Kix"
"Led Zeppelin","Lita Ford"
"Led Zeppelin","Living Colour"
"Led Zeppelin","Meresha"
"Led Zeppelin","Mötley Crüe"
"Led Zeppelin","Nazareth"
"Led Zeppelin","Nirvana"
"Led Zeppelin","Primus"
"Led Zeppelin","Quiet Riot"
"Led Zeppelin","Rainbow"
"Led Zeppelin","Ratt"
"Led Zeppelin","Screaming Trees"
"Led Zeppelin","Steve Vai"
"Led Zeppelin","Stone Temple Pilots"
"Led Zeppelin","Styx"
"Led Zeppelin","Tesla"
"Led Zeppelin","The Black Keys"
"Led Zeppelin","The Dead Weather"
"Led Zeppelin","The Gutter Twins"
"Led Zeppelin","The Smashing Pumpkins"
"Led Zeppelin","Tori Amos"
"Led Zeppelin","Uriah Heep"
"Led Zeppelin","Wolfmother"
"Led Zeppelin","Yngwie Malmsteen"
"Led Zeppelin","Black Rebel Motorcycle Club"
"Led Zeppelin","Blind Melon"
"Led Zeppelin","Faster Pussycat"
"Led Zeppelin","Fates Warning"
"Led Zeppelin","Flotsam and Jetsam"
"Led Zeppelin","Foghat"
"Led Zeppelin","Foreigner"
"Led Zeppelin","Golden Earring"
"Led Zeppelin","Green River"
"Led Zeppelin","Hum"
"Led Zeppelin","Jeff Buckley"
"Led Zeppelin","Masters of Reality"
"Led Zeppelin","Mother Love Bone"
"Led Zeppelin","Rush"
"Led Zeppelin","Scorpions"
"Led Zeppelin","Spooky Tooth"
"Led Zeppelin","The Black Crowes"
"Led Zeppelin","The Stone Roses"
"Led Zeppelin","Aeges"
"Led Zeppelin","Alabama Shakes"
"Led Zeppelin","All Them Witches"
"Led Zeppelin","Asking Alexandria"
"Led Zeppelin","Aubrie Sellers"
"Led Zeppelin","Big Wreck"
"Led Zeppelin","BØRNS"
"Led Zeppelin","Caleb Johnson"
"Led Zeppelin","Ceramic Animal"
"Led Zeppelin","Dirty Honey"
"Led Zeppelin","Exodus"
"Led Zeppelin","Farewell, My Love"
"Led Zeppelin","Francesco Yates"
"Led Zeppelin","Gotthard"
"Led Zeppelin","Holy Holy"
"Led Zeppelin","John King"
"Led Zeppelin","King Princess"
"Led Zeppelin","Little Matador"
"Led Zeppelin","Mastodon"
"Led Zeppelin","Max Webster"
"Led Zeppelin","Monks of Mellonwah"
"Led Zeppelin","Overkill"
"Led Zeppelin","Samsara Blues Experiment"
"Led Zeppelin","Shaboozey"
"Led Zeppelin","Shawn Mendes"
"Led Zeppelin","Sivert Høyem"
"Led Zeppelin","Star Dancer"
"Led Zeppelin","Stonefield"
"Led Zeppelin","Testament"
"Led Zeppelin","The Amazons"
"Led Zeppelin","Two Friends"
"Led Zeppelin","Yelawolf"
"Bob Dylan","Pink Floyd"
"Sun Ra","Pink Floyd"
"William S. Burroughs","Pink Floyd"
"The Kinks","Pink Floyd"
"The Who","Pink Floyd"
"Bo Diddley","Pink Floyd"
"Booker T. & the MG's","Pink Floyd"
"Jimmy Reed","Pink Floyd"
"Lead Belly","Pink Floyd"
"Muddy Waters","Pink Floyd"
"Pete Seeger","Pink Floyd"
"Pink Anderson","Pink Floyd"
"Roy Harper","Pink Floyd"
"Slim Harpo","Pink Floyd"
"The Fugs","Pink Floyd"
"The Move","Pink Floyd"
"The Rolling Stones","Pink Floyd"
"The Yardbirds","Pink Floyd"
"Pink Floyd","Brian Eno"
"Pink Floyd","Kevin Ayers"
"Pink Floyd","Klaus Schulze"
"Pink Floyd","Roxy Music"
"Pink Floyd","Soft Machine"
"Pink Floyd","Spacemen 3"
"Pink Floyd","Supertramp"
"Pink Floyd","Tangerine Dream"
"Pink Floyd","The Legendary Pink Dots"
"Pink Floyd","The Soft Boys"
"Pink Floyd","XTC"
"Pink Floyd","Air"
"Pink Floyd","Aphrodite's Child"
"Pink Floyd","Can"
"Pink Floyd","Cluster"
"Pink Floyd","Daevid Allen"
"Pink Floyd","Gong"
"Pink Floyd","Guru Guru"
"Pink Floyd","Hawkwind"
"Pink Floyd","Kate Bush"
"Pink Floyd","King Crimson"
"Pink Floyd","My Bloody Valentine"
"Pink Floyd","Neu!"
"Pink Floyd","Neutral Milk Hotel"
"Pink Floyd","Ozric Tentacles"
"Pink Floyd","Rain Parade"
"Pink Floyd","Robyn Hitchcock"
"Pink Floyd","Spiritualized"
"Pink Floyd","The Boo Radleys"
"Pink Floyd","The Church"
"Pink Floyd","The Dream Academy"
"Pink Floyd","The Dukes of Stratosphear"
"Pink Floyd","The Flaming Lips"
"Pink Floyd","The Olivia Tremor Control"
"Pink Floyd","The Orb"
"Pink Floyd","The Teardrop Explodes"
"Pink Floyd","The Verve"
"Pink Floyd","Utopia"
"Pink Floyd","Ambrosia"
"Pink Floyd","Ash Ra Tempel"
"Pink Floyd","Asia"
"Pink Floyd","Atomic Rooster"
"Pink Floyd","Barclay James Harvest"
"Pink Floyd","Be Bop Deluxe"
"Pink Floyd","Bill Nelson"
"Pink Floyd","Colosseum"
"Pink Floyd","Daniel Lanois"
"Pink Floyd","Dead Can Dance"
"Pink Floyd","Dream Theater"
"Pink Floyd","Emerson, Lake & Palmer"
"Pink Floyd","Faust"
"Pink Floyd","Julian Cope"
"Pink Floyd","Kraftwerk"
"Pink Floyd","Love and Rockets"
"Pink Floyd","Marillion"
"Pink Floyd","Mercury Rev"
"Pink Floyd","Mew"
"Pink Floyd","My Chemical Romance"
"Pink Floyd","Phantom Buffalo"
"Pink Floyd","Porcupine Tree"
"Pink Floyd","Queen"
"Pink Floyd","Queensrÿche"
"Pink Floyd","Radiohead"
"Pink Floyd","Rheostatics"
"Pink Floyd","Ride"
"Pink Floyd","Rush"
"Pink Floyd","Scissor Sisters"
"Pink Floyd","Small Faces"
"Pink Floyd","Spirit"
"Pink Floyd","Styx"
"Pink Floyd","Super Furry Animals"
"Pink Floyd","Tears for Fears"
"Pink Floyd","Television Personalities"
"Pink Floyd","The Alan Parsons Project"
"Pink Floyd","The KLF"
"Pink Floyd","The Smashing Pumpkins"
"Pink Floyd","The Soundtrack of Our Lives"
"Pink Floyd","Uriah Heep"
"Pink Floyd","Van der Graaf Generator"
"Pink Floyd","Wishbone Ash"
"Pink Floyd","Yellow Magic Orchestra"
"Pink Floyd","A Band of Bees"
"Pink Floyd","A Perfect Circle"
"Pink Floyd","Alice Cooper"
"Pink Floyd","Ariel Pink's Haunted Graffiti"
"Pink Floyd","Bardo Pond"
"Pink Floyd","Camel"
"Pink Floyd","Chrome"
"Pink Floyd","Coheed and Cambria"
"Pink Floyd","Echolyn"
"Pink Floyd","Elbow"
"Pink Floyd","Eloy"
"Pink Floyd","Fates Warning"
"Pink Floyd","Foreigner"
"Pink Floyd","Ghost"
"Pink Floyd","Giorgio Moroder"
"Pink Floyd","Happy the Man"
"Pink Floyd","His Name Is Alive"
"Pink Floyd","It Bites"
"Pink Floyd","Kevin Kiner"
"Pink Floyd","Loop"
"Pink Floyd","M83"
"Pink Floyd","Magnog"
"Pink Floyd","Mansun"
"Pink Floyd","MGMT"
"Pink Floyd","Once & Future Band"
"Pink Floyd","Pelican"
"Pink Floyd","Pram"
"Pink Floyd","Quicksilver Messenger Service"
"Pink Floyd","Richard Ashcroft"
"Pink Floyd","Snow Patrol"
"Pink Floyd","Sparklehorse"
"Pink Floyd","Spectrum"
"Pink Floyd","Talk in Tongues"
"Pink Floyd","The Academy Is..."
"Pink Floyd","The Beta Band"
"Pink Floyd","The Bevis Frond"
"Pink Floyd","The Boomtown Rats"
"Pink Floyd","The Fall"
"Pink Floyd","The Mission"
"Pink Floyd","The Nazz"
"Pink Floyd","Thirty Seconds to Mars"
"Pink Floyd","Thomas Dolby"
"Pink Floyd","Tool"
"Pink Floyd","Voivod"
"Pink Floyd","Ween"
"Pink Floyd","Wire"
"Pink Floyd","All Them Witches"
"Pink Floyd","Big Wreck"
"Pink Floyd","Bob Mould"
"Pink Floyd","Bring Me the Horizon"
"Pink Floyd","Curved Air"
"Pink Floyd","Demon Head"
"Pink Floyd","Dizzy"
"Pink Floyd","Eat Static"
"Pink Floyd","Eliot Sumner"
"Pink Floyd","Harry Styles"
"Pink Floyd","Holy Holy"
"Pink Floyd","Kings of Convenience"
"Pink Floyd","Kishi Bashi"
"Pink Floyd","Matt Berry"
"Pink Floyd","Monks of Mellonwah"
"Pink Floyd","Nektar"
"Pink Floyd","Ocean Alley"
"Pink Floyd","Petite Amie"
"Pink Floyd","Pink Floyd Floydhead"
"Pink Floyd","Portugal. The Man"
"Pink Floyd","Psychedelic Porn Crumpets"
"Pink Floyd","Sapphirecut"
"Pink Floyd","Shinedown"
"Pink Floyd","Star Dancer"
"Pink Floyd","The Receiver"
"Pink Floyd","The Red Dirt Skinners"
"Pink Floyd","VOLA"
"Pink Floyd","Vyces"
"Pink Floyd","WZRD"
"Pink Floyd","Yonin-Bayashi"
"Pink Floyd","Jessamine"
"Pink Floyd","Velvet Revolver"
"Alexis Korner","The Rolling Stones"
"Bo Diddley","The Rolling Stones"
"Jerry Lee Lewis","The Rolling Stones"
"Muddy Waters","The Rolling Stones"
"Rev. Gary Davis","The Rolling Stones"
"Sonny Boy Williamson II","The Rolling Stones"
"The Everly Brothers","The Rolling Stones"
"The Flying Burrito Brothers","The Rolling Stones"
"Howlin' Wolf","The Rolling Stones"
"John Lee Hooker","The Rolling Stones"
"Robert Johnson","The Rolling Stones"
"Willie Dixon","The Rolling Stones"
"Buddy Guy","The Rolling Stones"
"Jimmy Reed","The Rolling Stones"
"Junior Wells","The Rolling Stones"
"Little Walter","The Rolling Stones"
"Bob Dylan","The Rolling Stones"
"Bob Marley","The Rolling Stones"
"James Brown","The Rolling Stones"
"J.B. Lenoir","The Rolling Stones"
"Peter Tosh","The Rolling Stones"
"Slim Harpo","The Rolling Stones"
"Gram Parsons","The Rolling Stones"
"The Rolling Stones","AC/DC"
"The Rolling Stones","Alan Menken"
"The Rolling Stones","Faces"
"The Rolling Stones","Flamin' Groovies"
"The Rolling Stones","New York Dolls"
"The Rolling Stones","Royal Trux"
"The Rolling Stones","The Black Crowes"
"The Rolling Stones","ZZ Top"
"The Rolling Stones","Billy Squier"
"The Rolling Stones","Free"
"The Rolling Stones","Gram Parsons"
"The Rolling Stones","Heart"
"The Rolling Stones","James Gang"
"The Rolling Stones","Joe Cocker"
"The Rolling Stones","Marianne Faithfull"
"The Rolling Stones","Patti Smith"
"The Rolling Stones","Pretenders"
"The Rolling Stones","Primal Scream"
"The Rolling Stones","Rod Stewart"
"The Rolling Stones","Roky Erickson"
"The Rolling Stones","Ryan Adams"
"The Rolling Stones","Shadows of Knight"
"The Rolling Stones","The Brian Jonestown Massacre"
"The Rolling Stones","The Jon Spencer Blues Explosion"
"The Rolling Stones","The Stone Roses"
"The Rolling Stones","The Stooges"
"The Rolling Stones","Tom Petty"
"The Rolling Stones","Bob Seger"
"The Rolling Stones","Def Leppard"
"The Rolling Stones","Drive-By Truckers"
"The Rolling Stones","Grand Funk Railroad"
"The Rolling Stones","Guns N' Roses"
"The Rolling Stones","Humble Pie"
"The Rolling Stones","Joan Jett"
"The Rolling Stones","Joan Osborne"
"The Rolling Stones","Joe Walsh"
"The Rolling Stones","Johnny Thunders"
"The Rolling Stones","Juanes"
"The Rolling Stones","Kesha"
"The Rolling Stones","Kings of Leon"
"The Rolling Stones","Lenny Kravitz"
"The Rolling Stones","Little Feat"
"The Rolling Stones","Liz Phair"
"The Rolling Stones","Los Lobos"
"The Rolling Stones","Melissa Etheridge"
"The Rolling Stones","Mott the Hoople"
"The Rolling Stones","Nils Lofgren"
"The Rolling Stones","Ramones"
"The Rolling Stones","Savoy Brown"
"The Rolling Stones","Sex Pistols"
"The Rolling Stones","Sheryl Crow"
"The Rolling Stones","Steppenwolf"
"The Rolling Stones","Supergrass"
"The Rolling Stones","T. Rex"
"The Rolling Stones","The 1975"
"The Rolling Stones","The Allman Brothers Band"
"The Rolling Stones","The Cult"
"The Rolling Stones","The Georgia Satellites"
"The Rolling Stones","The International Submarine Band"
"The Rolling Stones","The Libertines"
"The Rolling Stones","The London Souls"
"The Rolling Stones","The Seeds"
"The Rolling Stones",".38 Special"
"The Rolling Stones","Bob Mould"
"The Rolling Stones","Creedence Clearwater Revival"
"The Rolling Stones","Iggy Pop"
"The Rolling Stones","John Mellencamp"
"The Rolling Stones","Jonas Brothers"
"The Rolling Stones","Kiss"
"The Rolling Stones","Stevie Ray Vaughan"
"The Rolling Stones","The Del Fuegos"
"The Rolling Stones","The Hives"
"The Rolling Stones","The Leaves"
"The Rolling Stones","Wilco"
"The Rolling Stones","Au Dunes"
"The Rolling Stones","Brad Paisley"
"The Rolling Stones","Dopesick"
"The Rolling Stones","Farewell, My Love"
"The Rolling Stones","Finn Brothers"
"The Rolling Stones","Gomez"
"The Rolling Stones","John Phillips"
"The Rolling Stones","KALEO"
"The Rolling Stones","Kevin Kiner"
"The Rolling Stones","Kyle Craft"
"The Rolling Stones","Laurie Jones"
"The Rolling Stones","Low Cut Connie"
"The Rolling Stones","Lukas Graham"
"The Rolling Stones","Marah"
"The Rolling Stones","Natural Child"
"The Rolling Stones","Pete Macleod"
"The Rolling Stones","Sivert Høyem"
"The Rolling Stones","Star Dancer"
"The Rolling Stones","The Connection"
"The Rolling Stones","The Coral"
"The Rolling Stones","The Empty Hearts"
"The Rolling Stones","The Record Company"
"The Rolling Stones","The Sloths"
"The Rolling Stones","The Sweet Things"
"The Rolling Stones","Train"
"Bob Dylan","The Velvet Underground"
"LaMonte Young","The Velvet Underground"
"Tony Conrad","The Velvet Underground"
"Cecil Taylor","The Velvet Underground"
"Karlheinz Stockhausen","The Velvet Underground"
"Ornette Coleman","The Velvet Underground"
"Steve Reich","The Velvet Underground"
"Little Richard","The Velvet Underground"
"The Fugs","The Velvet Underground"
"The Byrds","The Velvet Underground"
"The Velvet Underground","Brian Eno"
"The Velvet Underground","Can"
"The Velvet Underground","Joy Division"
"The Velvet Underground","Kraftwerk"
"The Velvet Underground","Patti Smith"
"The Velvet Underground","Roxy Music"
"The Velvet Underground","Sex Pistols"
"The Velvet Underground","Sonic Youth"
"The Velvet Underground","Talking Heads"
"The Velvet Underground","Television"
"The Velvet Underground","The Stooges"
"The Velvet Underground","The Verve"
"The Velvet Underground","The Woods"
"The Velvet Underground","Duran Duran"
"The Velvet Underground","Echo & the Bunnymen"
"The Velvet Underground","Faust"
"The Velvet Underground","Galaxie 500"
"The Velvet Underground","Jonathan Richman"
"The Velvet Underground","Mink DeVille"
"The Velvet Underground","My Bloody Valentine"
"The Velvet Underground","Neu!"
"The Velvet Underground","New York Dolls"
"The Velvet Underground","Nirvana"
"The Velvet Underground","Pere Ubu"
"The Velvet Underground","Pixies"
"The Velvet Underground","Pretenders"
"The Velvet Underground","Sparks"
"The Velvet Underground","Stereolab"
"The Velvet Underground","Suicide"
"The Velvet Underground","The Church"
"The Velvet Underground","The Cure"
"The Velvet Underground","The Dream Syndicate"
"The Velvet Underground","The Fall"
"The Velvet Underground","The Feelies"
"The Velvet Underground","The Jesus and Mary Chain"
"The Velvet Underground","The Raincoats"
"The Velvet Underground","Yo La Tengo"
"The Velvet Underground","Young Marble Giants"
"The Velvet Underground","Amon Düül"
"The Velvet Underground","April Magazine"
"The Velvet Underground","Beat Happening"
"The Velvet Underground","Broadcast"
"The Velvet Underground","Chrome"
"The Velvet Underground","Controlled Bleeding"
"The Velvet Underground","Dead Boys"
"The Velvet Underground","Electrelane"
"The Velvet Underground","Gang of Four"
"The Velvet Underground","Gary Numan"
"The Velvet Underground","Glenn Branca"
"The Velvet Underground","Hüsker Dü"
"The Velvet Underground","Iggy Pop"
"The Velvet Underground","Jane's Addiction"
"The Velvet Underground","Japan"
"The Velvet Underground","Jim Carroll"
"The Velvet Underground","Let's Active"
"The Velvet Underground","Love and Rockets"
"The Velvet Underground","Magic Roundabout"
"The Velvet Underground","Mercury Rev"
"The Velvet Underground","Mott the Hoople"
"The Velvet Underground","R.E.M."
"The Velvet Underground","Sea Power"
"The Velvet Underground","Siouxsie and the Banshees"
"The Velvet Underground","Spacemen 3"
"The Velvet Underground","Sun City Girls"
"The Velvet Underground","Swell Maps"
"The Velvet Underground","Swervedriver"
"The Velvet Underground","Television Personalities"
"The Velvet Underground","The Chills"
"The Velvet Underground","The Flaming Lips"
"The Velvet Underground","The House of Love"
"The Velvet Underground","The Modern Lovers"
"The Velvet Underground","The Psychedelic Furs"
"The Velvet Underground","The Verlaines"
"The Velvet Underground","Throbbing Gristle"
"The Velvet Underground","Tom Tom Club"
"The Velvet Underground","Unrest"
"The Velvet Underground","Bauhaus"
"The Velvet Underground","Bnny"
"The Velvet Underground","Clinic"
"The Velvet Underground","Dirty Three"
"The Velvet Underground","Dummy"
"The Velvet Underground","Godspeed You! Black Emperor"
"The Velvet Underground","Low"
"The Velvet Underground","My Morning Jacket"
"The Velvet Underground","Peter Bjorn and John"
"The Velvet Underground","Pussy Galore"
"The Velvet Underground","Rocket from the Tombs"
"The Velvet Underground","Silver Apples"
"The Velvet Underground","Simple Minds"
"The Velvet Underground","Slint"
"The Velvet Underground","Slowdive"
"The Velvet Underground","Spectrum"
"The Velvet Underground","Spoon"
"The Velvet Underground","Th' Faith Healers"
"The Velvet Underground","That Petrol Emotion"
"The Velvet Underground","The Boo Radleys"
"The Velvet Underground","The Chameleons"
"The Velvet Underground","The Dandy Warhols"
"The Velvet Underground","The Fiery Furnaces"
"The Velvet Underground","The Go-Betweens"
"The Velvet Underground","The Strokes"
"The Velvet Underground","The Vaselines"
"The Velvet Underground","The Weather Prophets"
"The Velvet Underground","Agent Ribbons"
"The Velvet Underground","Air Waves"
"The Velvet Underground","Andy Bell"
"The Velvet Underground","Au Dunes"
"The Velvet Underground","Cold Cave"
"The Velvet Underground","Cosmonauts"
"The Velvet Underground","Dan Luke and the Raid"
"The Velvet Underground","Deleted Scenes"
"The Velvet Underground","En Attendant Ana"
"The Velvet Underground","Froth"
"The Velvet Underground","Gruff Rhys"
"The Velvet Underground","Holiday Ghosts"
"The Velvet Underground","Iggy & the Stooges"
"The Velvet Underground","JW Francis"
"The Velvet Underground","L.A. Salami"
"The Velvet Underground","Linda Perry"
"The Velvet Underground","Mainland"
"The Velvet Underground","Monk Parker"
"The Velvet Underground","Patti Smith Group"
"The Velvet Underground","Portastatic"
"The Velvet Underground","Power Supply"
"The Velvet Underground","Sabina"
"The Velvet Underground","Smoke Bellow"
"The Velvet Underground","Stevie Jackson"
"The Velvet Underground","Tall Dwarfs"
"The Velvet Underground","Tele Novella"
"The Velvet Underground","Teleman"
"The Velvet Underground","The Outsiders"
"The Velvet Underground","Vic Godard"
"Jonathan Richman","Talking Heads"
"Patti Smith","Talking Heads"
"Roxy Music","Talking Heads"
"Brian Eno","Talking Heads"
"Fela Kuti","Talking Heads"
"Funkadelic","Talking Heads"
"James Brown","Talking Heads"
"King Sunny Ade","Talking Heads"
"Parliament","Talking Heads"
"Pere Ubu","Talking Heads"
"The Modern Lovers","Talking Heads"
"Al Green","Talking Heads"
"Kraftwerk","Talking Heads"
"Neil Young","Talking Heads"
"Sly & Robbie","Talking Heads"
"Miles Davis","Talking Heads"
"The Meters","Talking Heads"
"Talking Heads","Material"
"Talking Heads","Oingo Boingo"
"Talking Heads","Suzanne Vega"
"Talking Heads","The 1975"
"Talking Heads","The B-52s"
"Talking Heads","Violent Femmes"
"Talking Heads","!!!"
"Talking Heads","Arcade Fire"
"Talking Heads","Arthur Russell"
"Talking Heads","Camper Van Beethoven"
"Talking Heads","Clap Your Hands Say Yeah"
"Talking Heads","Gang of Four"
"Talking Heads","Joy Division"
"Talking Heads","Radiohead"
"Talking Heads","Reptar"
"Talking Heads","The Feelies"
"Talking Heads","The Psychedelic Furs"
"Talking Heads","They Might Be Giants"
"Talking Heads","Vampire Weekend"
"Talking Heads","A Certain Ratio"
"Talking Heads","Ambitious Lovers"
"Talking Heads","Beck"
"Talking Heads","Bloc Party"
"Talking Heads","Cornershop"
"Talking Heads","Delta 5"
"Talking Heads","Dirty Projectors"
"Talking Heads","Franz Ferdinand"
"Talking Heads","Geggy Tah"
"Talking Heads","Josef K"
"Talking Heads","Lene Lovich"
"Talking Heads","Liquid Liquid"
"Talking Heads","Living Colour"
"Talking Heads","Moxy Früvous"
"Talking Heads","Mr. Bungle"
"Talking Heads","No Doubt"
"Talking Heads","Paramore"
"Talking Heads","Phish"
"Talking Heads","Primus"
"Talking Heads","R.E.M."
"Talking Heads","Soul Coughing"
"Talking Heads","The Comsat Angels"
"Talking Heads","The Dead Milkmen"
"Talking Heads","The Faint"
"Talking Heads","The Strokes"
"Talking Heads","The Wolfgang Press"
"Talking Heads","BMX Bandits"
"Talking Heads","Come On"
"Talking Heads","Fun Boy Three"
"Talking Heads","Kesha"
"Talking Heads","New Young Pony Club"
"Talking Heads","Polyrock"
"Talking Heads","Populäre Mechanik"
"Talking Heads","Sweet Crude"
"Talking Heads","The Colorist Orchestra"
"Talking Heads","The Dismemberment Plan"
"Talking Heads","The Killers"
"Talking Heads","Tirez Tirez"
"Talking Heads","Urban Verbs"
"Talking Heads","Ween"
"Talking Heads","White Lies"
"Talking Heads","Absolutely Free"
"Talking Heads","Bad Suns"
"Talking Heads","Batsch"
"Talking Heads","Bloodboy"
"Talking Heads","Colin Newman"
"Talking Heads","Confidence Man"
"Talking Heads","Dan Luke and the Raid"
"Talking Heads","Deleted Scenes"
"Talking Heads","Foals"
"Talking Heads","Glass Animals"
"Talking Heads","James Supercave"
"Talking Heads","Miniboone"
"Talking Heads","Oso Oso"
"Talking Heads","People Get Ready"
"Talking Heads","Secret Someones"
"Talking Heads","STS9"
"Talking Heads","The Holidays"
"Talking Heads","The Lumineers"
"Talking Heads","Walk the Moon"
"Talking Heads","Walt Disco"
"Talking Heads","Weird Al Yankovic"
"New York Dolls","Ramones"
"Phil Spector","Ramones"
"The Beach Boys","Ramones"
"Alice Cooper","Ramones"
"T. Rex","Ramones"
"The Beatles","Ramones"
"The Crystals","Ramones"
"The Remains","Ramones"
"The Rivieras","Ramones"
"The Ronettes","Ramones"
"The Shangri-Las","Ramones"
"The Stooges","Ramones"
"The Troggs","Ramones"
"The Velvet Underground","Ramones"
"Bay City Rollers","Ramones"
"Bobby Fuller","Ramones"
"Iggy Pop","Ramones"
"MC5","Ramones"
"Slade","Ramones"
"The Standells","Ramones"
"The Trashmen","Ramones"
"The Who","Ramones"
"Chubby Checker","Ramones"
"Freddy Cannon","Ramones"
"Joey Dee","Ramones"
"Jonathan Richman","Ramones"
"Sweet","Ramones"
"The Count Five","Ramones"
"The Music Machine","Ramones"
"Ramones","All"
"Ramones","blink-182"
"Ramones","Descendents"
"Ramones","Green Day"
"Ramones","Pretenders"
"Ramones","Sex Pistols"
"Ramones","Social Distortion"
"Ramones","The Undertones"
"Ramones","Beastie Boys"
"Ramones","Big Black"
"Ramones","Black Flag"
"Ramones","Circle Jerks"
"Ramones","Dead Kennedys"
"Ramones","G.G. Allin"
"Ramones","Goo Goo Dolls"
"Ramones","Hüsker Dü"
"Ramones","Joan Jett"
"Ramones","L7"
"Ramones","Meat Puppets"
"Ramones","Redd Kross"
"Ramones","Shonen Knife"
"Ramones","The 5.6.7.8's"
"Ramones","The Adverts"
"Ramones","The Clash"
"Ramones","The Donnas"
"Ramones","The Muffs"
"Ramones","The Real Kids"
"Ramones","The Rezillos"
"Ramones","The Weirdos"
"Ramones","7 Seconds"
"Ramones","Alice in Chains"
"Ramones","Bad Religion"
"Ramones","D Generation"
"Ramones","Didjits"
"Ramones","Down by Law"
"Ramones","Faith No More"
"Ramones","Guns N' Roses"
"Ramones","Jawbreaker"
"Ramones","M.I.A."
"Ramones","Misfits"
"Ramones","Overkill"
"Ramones","Paramore"
"Ramones","Pixies"
"Ramones","Plasmatics"
"Ramones","Ramonas"
"Ramones","Rancid"
"Ramones","Screeching Weasel"
"Ramones","Sick of It All"
"Ramones","Soundgarden"
"Ramones","The Dickies"
"Ramones","The Necros"
"Ramones","X"
"Ramones","B.A.L.L."
"Ramones","Best Coast"
"Ramones","Chris Mars"
"Ramones","Cro-Mags"
"Ramones","Dott"
"Ramones","Exploding White Mice"
"Ramones","Fountains of Wayne"
"Ramones","Jonas Brothers"
"Ramones","Living Colour"
"Ramones","Motörhead"
"Ramones","Pinhead Gunpowder"
"Ramones","The Queers"
"Ramones","The Unlovables"
"Ramones","Tiny Masters of Today"
"Ramones","Voivod"
"Ramones","Adult Books"
"Ramones","Ausmuteants"
"Ramones","Coffin Carousel"
"Ramones","Fall Out Boy"
"Ramones","Fat Tony"
"Ramones","Hiccup"
"Ramones","Little Cuts"
"Ramones","Mixtapes"
"Ramones","MOLICE"
"Ramones","Pears"
"Ramones","Ramoms"
"Ramones","Seasurfer"
"Ramones","The Connection"
"Ramones","The Pink Spiders"
"Ramones","The So So Glos"
"Ramones","White Eskimo"
"Bob Dylan","The Clash"
"Jimmy Cliff","The Clash"
"Junior Murvin","The Clash"
"Mott the Hoople","The Clash"
"Sex Pistols","The Clash"
"Sly & Robbie","The Clash"
"Lee ""Scratch"" Perry","The Clash"
"The Stooges","The Clash"
"The Who","The Clash"
"Bob Marley","The Clash"
"Brinsley Schwarz","The Clash"
"Dr. Feelgood","The Clash"
"Ian Hunter","The Clash"
"New York Dolls","The Clash"
"Vince Taylor","The Clash"
"Bo Diddley","The Clash"
"Iggy Pop","The Clash"
"MC5","The Clash"
"Bobby Fuller","The Clash"
"Johnny Burnette","The Clash"
"Phil Ochs","The Clash"
"Prince Far I","The Clash"
"Slade","The Clash"
"The Equals","The Clash"
"Woody Guthrie","The Clash"
"The Clash","Rage Against the Machine"
"The Clash","The Pogues"
"The Clash","7 Seconds"
"The Clash","Arctic Monkeys"
"The Clash","Bad Brains"
"The Clash","Billy Bragg"
"The Clash","Crass"
"The Clash","Fugazi"
"The Clash","Generation X"
"The Clash","Manic Street Preachers"
"The Clash","Midnight Oil"
"The Clash","The Libertines"
"The Clash","The Mekons"
"The Clash","The Only Ones"
"The Clash","The Raincoats"
"The Clash","The Slits"
"The Clash","The Stone Roses"
"The Clash","X"
"The Clash","Black Flag"
"The Clash","Café Tacuba"
"The Clash","Chumbawamba"
"The Clash","Dead Kennedys"
"The Clash","Green Day"
"The Clash","Hüsker Dü"
"The Clash","Los Fabulosos Cadillacs"
"The Clash","Manu Chao"
"The Clash","Minutemen"
"The Clash","New Model Army"
"The Clash","Operation Ivy"
"The Clash","Public Enemy"
"The Clash","Rancid"
"The Clash","Ruts"
"The Clash","Ruts D.C."
"The Clash","Siouxsie and the Banshees"
"The Clash","Social Distortion"
"The Clash","The Adverts"
"The Clash","The Exploited"
"The Clash","The Levellers"
"The Clash","The Offspring"
"The Clash","!!!"
"The Clash","1990s"
"The Clash","Adolescents"
"The Clash","Anti-Nowhere League"
"The Clash","Blur"
"The Clash","Circle Jerks"
"The Clash","D Generation"
"The Clash","Dexys Midnight Runners"
"The Clash","Gogol Bordello"
"The Clash","Government Issue"
"The Clash","Hard-Fi"
"The Clash","Living Colour"
"The Clash","NOFX"
"The Clash","Pop Will Eat Itself"
"The Clash","Razorlight"
"The Clash","Sleater-Kinney"
"The Clash","Street Dogs"
"The Clash","Supergrass"
"The Clash","Ted Leo"
"The Clash","The Alarm"
"The Clash","The Chameleons"
"The Clash","The Exploding Hearts"
"The Clash","The Godfathers"
"The Clash","The Screaming Blue Messiahs"
"The Clash","Transvision Vamp"
"The Clash","U.K. Subs"
"The Clash","Waco Brothers"
"The Clash","Bloodboy"
"The Clash","Casey Neill"
"The Clash","Dodgy"
"The Clash","Face to Face"
"The Clash","Jamie T."
"The Clash","Little Matador"
"The Clash","Meat Puppets"
"The Clash","MxPx"
"The Clash","Propagandhi"
"The Clash","Rat Boy"
"The Clash","Roll the Tanks"
"The Clash","The So So Glos"
"The Clash","Travis Barker"
"The Clash","Wet Wet Wet"
"The Clash","Yungblud"
"Sex Pistols","Joy Division"
"The Stooges","Joy Division"
"Brian Eno","Joy Division"
"Iggy Pop","Joy Division"
"Kraftwerk","Joy Division"
"Lou Reed","Joy Division"
"Marc Bolan","Joy Division"
"Roxy Music","Joy Division"
"Can","Joy Division"
"MC5","Joy Division"
"The Doors","Joy Division"
"Van der Graaf Generator","Joy Division"
"Joy Division","Holograms"
"Joy Division","Low"
"Joy Division","Radiohead"
"Joy Division","Swans"
"Joy Division","Arcade Fire"
"Joy Division","Galaxie 500"
"Joy Division","Interpol"
"Joy Division","Sea Power"
"Joy Division","Section 25"
"Joy Division","The House of Love"
"Joy Division","The Walkmen"
"Joy Division","TV on the Radio"
"Joy Division","Bark Psychosis"
"Joy Division","Bloc Party"
"Joy Division","Bonson Berner"
"Joy Division","Crispy Ambulance"
"Joy Division","Depeche Mode"
"Joy Division","Editors"
"Joy Division","Franz Ferdinand"
"Joy Division","In Camera"
"Joy Division","Jane's Addiction"
"Joy Division","Moby"
"Joy Division","Placebo"
"Joy Division","The Rapture"
"Joy Division","The Smashing Pumpkins"
"Joy Division","The Wedding Present"
"Joy Division","!!!"
"Joy Division","Art Brut"
"Joy Division","Bleu Nuit"
"Joy Division","Clan of Xymox"
"Joy Division","Client"
"Joy Division","Doves"
"Joy Division","Einstürzende Neubauten"
"Joy Division","Foals"
"Joy Division","Nine Inch Nails"
"Joy Division","Primal Scream"
"Joy Division","Radio 4"
"Joy Division","Savage Republic"
"Joy Division","Skinny Puppy"
"Joy Division","The Church"
"Joy Division","The Futureheads"
"Joy Division","The Horrors"
"Joy Division","The Jesus and Mary Chain"
"Joy Division","The Sisters of Mercy"
"Joy Division","The Soft Moon"
"Joy Division","The Sugarcubes"
"Joy Division","These New Puritans"
"Joy Division","Beach Baby"
"Joy Division","Blossoms"
"Joy Division","City Calm Down"
"Joy Division","Cold Cave"
"Joy Division","Death Valley High"
"Joy Division","EXEK"
"Joy Division","Inhaler"
"Joy Division","Nicky Blitz"
"Joy Division","Phil Selway"
"Joy Division","Taylor Deupree"
"Joy Division","The Charlatans"
"Joy Division","American Music Club"
"Joy Division","Christian Death"
"Joy Division","Liars"
"Joy Division","Red Lorry Yellow Lorry"
"Joy Division","The Smiths"
"Joy Division","Ministry"
"New York Dolls","The Smiths"
"Roxy Music","The Smiths"
"Scott Walker","The Smiths"
"T. Rex","The Smiths"
"Buzzcocks","The Smiths"
"Orange Juice","The Smiths"
"Sandie Shaw","The Smiths"
"Television","The Smiths"
"Television Personalities","The Smiths"
"Felt","The Smiths"
"The Beatles","The Smiths"
"The Durutti Column","The Smiths"
"The Kinks","The Smiths"
"Echo & the Bunnymen","The Smiths"
"Magazine","The Smiths"
"Sex Pistols","The Smiths"
"The Psychedelic Furs","The Smiths"
"The Rolling Stones","The Smiths"
"The Teardrop Explodes","The Smiths"
"Wire","The Smiths"
"The Smiths","10,000 Maniacs"
"The Smiths","Bastille"
"The Smiths","Suede"
"The Smiths","The Beautiful South"
"The Smiths","The Sundays"
"The Smiths","The Wedding Present"
"The Smiths","Arcade Fire"
"The Smiths","Arctic Monkeys"
"The Smiths","Echobelly"
"The Smiths","Gene"
"The Smiths","Heavenly"
"The Smiths","Low"
"The Smiths","Peter Bjorn and John"
"The Smiths","Radiohead"
"The Smiths","Ryan Adams"
"The Smiths","The Cranberries"
"The Smiths","The Divine Comedy"
"The Smiths","The House of Love"
"The Smiths","The La's"
"The Smiths","The Libertines"
"The Smiths","The Lightning Seeds"
"The Smiths","The London Suede"
"The Smiths","The Pernice Brothers"
"The Smiths","Throwing Muses"
"The Smiths","Toad the Wet Sprocket"
"The Smiths","Babyshambles"
"The Smiths","Belly"
"The Smiths","Blake Babies"
"The Smiths","Bright Eyes"
"The Smiths","Cornershop"
"The Smiths","Del Amitri"
"The Smiths","Doves"
"The Smiths","Elastica"
"The Smiths","Hefner"
"The Smiths","Inspiral Carpets"
"The Smiths","Jeff Buckley"
"The Smiths","Keane"
"The Smiths","Kings of Convenience"
"The Smiths","Kitchens of Distinction"
"The Smiths","PJ Harvey"
"The Smiths","Ride"
"The Smiths","The Bluetones"
"The Smiths","The Magnetic Fields"
"The Smiths","The National"
"The Smiths","The Verve"
"The Smiths","Travis"
"The Smiths","Barenaked Ladies"
"The Smiths","Happy Mondays"
"The Smiths","Hootie & the Blowfish"
"The Smiths","Manic Street Preachers"
"The Smiths","The Decemberists"
"The Smiths","The Hidden Cameras"
"The Smiths","The Just Joans"
"The Smiths","The Ocean Blue"
"The Smiths","The Pains of Being Pure at Heart"
"The Smiths","The Trash Can Sinatras"
"The Smiths","Adult Books"
"The Smiths","Aurelio Valle"
"The Smiths","AViVA"
"The Smiths","Beach Baby"
"The Smiths","Beach Youth"
"The Smiths","Beirut"
"The Smiths","Blossoms"
"The Smiths","Chino Moreno"
"The Smiths","Daddy"
"The Smiths","For Against"
"The Smiths","girl in red"
"The Smiths","Goody Grace"
"The Smiths","GosT"
"The Smiths","Hints"
"The Smiths","Life in Film"
"The Smiths","Motionless in White"
"The Smiths","Paul Heaton"
"The Smiths","Ren Harvieu"
"The Smiths","Shawn Hook"
"The Smiths","Star Tropics"
"The Smiths","Stevie Jackson"
"The Smiths","Watch the Duck"
"The Smiths","Western Education"
"The Smiths","Young Statues"
"The Smiths","Youth Valley"
"Arthur Baker","New Order"
"Giorgio Moroder","New Order"
"Kraftwerk","New Order"
"Neu!","New Order"
"Roxy Music","New Order"
"The Velvet Underground","New Order"
"Afrika Bambaataa","New Order"
"Brian Eno","New Order"
"Can","New Order"
"Mantronix","New Order"
"Ian Curtis","New Order"
"Suicide","New Order"
"Ultravox","New Order"
"Wire","New Order"
"Yellow Magic Orchestra","New Order"
"New Order","Happy Mondays"
"New Order","The Charlatans"
"New Order","The Chemical Brothers"
"New Order","The Stone Roses"
"New Order","Underworld"
"New Order","808 State"
"New Order","Inspiral Carpets"
"New Order","The Killers"
"New Order","The Postal Service"
"New Order","The Rapture"
"New Order","Darren Sylvester"
"New Order","EMF"
"New Order","Enigma"
"New Order","Geographer"
"New Order","Hot Chip"
"New Order","Junior Boys"
"New Order","Orbital"
"New Order","Republica"
"New Order","The New Division"
"New Order","Trans Am"
"New Order","Alpha"
"New Order","David Keuning"
"New Order","Delorean"
"New Order","Delphic"
"New Order","Holy Ghost!"
"New Order","Massive Attack"
"New Order","Mono"
"New Order","Out Hud"
"New Order","Thieves Like Us"
"New Order","Alex Gopher"
"New Order","Andy Clockwise"
"New Order","Art d'Ecco"
"New Order","Aurelio Valle"
"New Order","Beady Eye"
"New Order","Blondfire"
"New Order","City Calm Down"
"New Order","Cold Cave"
"New Order","D.A.R.K."
"New Order","DREAMCAR"
"New Order","El Ten Eleven"
"New Order","Kaskade"
"New Order","Katzin"
"New Order","Miaoux Miaoux"
"New Order","Ming & Ping"
"New Order","Miss Kittin"
"New Order","Moaning"
"New Order","Nation of Language"
"New Order","Peel"
"New Order","Perfume"
"New Order","Scandroid"
"New Order","Small Black"
"New Order","Still Dreams"
"New Order","STRFKR"
"New Order","Taylor Deupree"
"New Order","Water from Your Eyes"
"New Order","Western Education"
"New Order","Young & Sick"
"New Order","Young Boy"
"Kraftwerk","Depeche Mode"
"Roxy Music","Depeche Mode"
"Yello","Depeche Mode"
"Brian Eno","Depeche Mode"
"Fad Gadget","Depeche Mode"
"Gary Numan","Depeche Mode"
"Leonard Cohen","Depeche Mode"
"Sparks","Depeche Mode"
"Suicide","Depeche Mode"
"Yellow Magic Orchestra","Depeche Mode"
"John Foxx","Depeche Mode"
"Peter Hammill","Depeche Mode"
"Sex Pistols","Depeche Mode"
"Silver Apples","Depeche Mode"
"Ultravox","Depeche Mode"
"The Beach Boys","Depeche Mode"
"The Beatles","Depeche Mode"
"Depeche Mode","808 State"
"Depeche Mode","Moby"
"Depeche Mode","Nine Inch Nails"
"Depeche Mode","Paul van Dyk"
"Depeche Mode","Pet Shop Boys"
"Depeche Mode","Saint Etienne"
"Depeche Mode","Alphaville"
"Depeche Mode","Big Data"
"Depeche Mode","Coldplay"
"Depeche Mode","Curve"
"Depeche Mode","Derrick May"
"Depeche Mode","Fischerspooner"
"Depeche Mode","Goldfrapp"
"Depeche Mode","Ladytron"
"Depeche Mode","Placebo"
"Depeche Mode","Pop Will Eat Itself"
"Depeche Mode","The Crystal Method"
"Depeche Mode","The Faint"
"Depeche Mode","The Killers"
"Depeche Mode","AVALON"
"Depeche Mode","Blancmange"
"Depeche Mode","Bonson Berner"
"Depeche Mode","Camouflage"
"Depeche Mode","Death in Vegas"
"Depeche Mode","Dntel"
"Depeche Mode","Elastica"
"Depeche Mode","GusGus"
"Depeche Mode","Howard Jones"
"Depeche Mode","Juan Atkins"
"Depeche Mode","Metamatics"
"Depeche Mode","Modeselektor"
"Depeche Mode","Monolake"
"Depeche Mode","Rammstein"
"Depeche Mode","She Wants Revenge"
"Depeche Mode","Supermayer"
"Depeche Mode","The Beloved"
"Depeche Mode","The Bravery"
"Depeche Mode","The Knife"
"Depeche Mode","The New Division"
"Depeche Mode","The Postal Service"
"Depeche Mode","The Rapture"
"Depeche Mode","The Smashing Pumpkins"
"Depeche Mode","The Sugarcubes"
"Depeche Mode","Baxendale"
"Depeche Mode","Casualty Park"
"Depeche Mode","CSS"
"Depeche Mode","Death from Above 1979"
"Depeche Mode","I Am the World Trade Center"
"Depeche Mode","Joy Electric"
"Depeche Mode","Linkin Park"
"Depeche Mode","Mesh"
"Depeche Mode","My Favorite"
"Depeche Mode","School of Seven Bells"
"Depeche Mode","Shakira"
"Depeche Mode","Tricky"
"Depeche Mode","Uh Huh Her"
"Depeche Mode","VAST"
"Depeche Mode","Veruca Salt"
"Depeche Mode","VHS or Beta"
"Depeche Mode","White Town"
"Depeche Mode","3Teeth"
"Depeche Mode","All Hail the Silence"
"Depeche Mode","Apoptygma Berzerk"
"Depeche Mode","Battle Tapes"
"Depeche Mode","Capital Cities"
"Depeche Mode","Chester Bennington"
"Depeche Mode","Chino Moreno"
"Depeche Mode","D.A.R.K."
"Depeche Mode","Dead Girls Corp."
"Depeche Mode","Devault"
"Depeche Mode","DREAMCAR"
"Depeche Mode","Fyke"
"Depeche Mode","Ghlow"
"Depeche Mode","GosT"
"Depeche Mode","Grey Daze"
"Depeche Mode","HARD FEELINGS"
"Depeche Mode","Junior Boys"
"Depeche Mode","Mainland"
"Depeche Mode","Miss Kittin"
"Depeche Mode","Motionless in White"
"Depeche Mode","Pale Waves"
"Depeche Mode","Purest Form"
"Depeche Mode","Scandroid"
"Depeche Mode","Serge Devant"
"Depeche Mode","Swayzak"
"Depeche Mode","T.O.L.D."
"Depeche Mode","The Black Queen"
"Depeche Mode","Wiccid"
"Depeche Mode","Youth Code"
"Depeche Mode","††† (Crosses)"
"Meat Puppets","Nirvana"
"Melvins","Nirvana"
"Sonic Youth","Nirvana"
"The Vaselines","Nirvana"
"Dinosaur Jr.","Nirvana"
"Flipper","Nirvana"
"Half Japanese","Nirvana"
"Hüsker Dü","Nirvana"
"Kiss","Nirvana"
"Neil Young","Nirvana"
"R.E.M.","Nirvana"
"Richard Hell","Nirvana"
"The Stooges","Nirvana"
"Wipers","Nirvana"
"Beat Happening","Nirvana"
"Black Flag","Nirvana"
"Black Sabbath","Nirvana"
"Daniel Johnston","Nirvana"
"Dead Moon","Nirvana"
"Sex Pistols","Nirvana"
"The Raincoats","Nirvana"
"William S. Burroughs","Nirvana"
"X","Nirvana"
"Gang of Four","Nirvana"
"Nirvana","Bush"
"Nirvana","Candlebox"
"Nirvana","Collective Soul"
"Nirvana","Everclear"
"Nirvana","Hole"
"Nirvana","Silverchair"
"Nirvana","Stone Temple Pilots"
"Nirvana","3 Doors Down"
"Nirvana","Ash"
"Nirvana","Garbage"
"Nirvana","Juanes"
"Nirvana","Lifehouse"
"Nirvana","Local H"
"Nirvana","Marcy Playground"
"Nirvana","Nickelback"
"Nirvana","Queens of the Stone Age"
"Nirvana","The Presidents of the United States of America"
"Nirvana","The Vines"
"Nirvana","Third Eye Blind"
"Nirvana","Thursday"
"Nirvana","Veruca Salt"
"Nirvana","5 Seconds of Summer"
"Nirvana","Audioslave"
"Nirvana","Beck"
"Nirvana","Ben Folds Five"
"Nirvana","Dashboard Confessional"
"Nirvana","Death Cab for Cutie"
"Nirvana","Good Charlotte"
"Nirvana","Green Day"
"Nirvana","Halsey"
"Nirvana","Jars of Clay"
"Nirvana","L7"
"Nirvana","Lana Del Rey"
"Nirvana","Moist"
"Nirvana","Nada Surf"
"Nirvana","Our Lady Peace"
"Nirvana","Radiohead"
"Nirvana","Seether"
"Nirvana","Slant"
"Nirvana","Sleater-Kinney"
"Nirvana","Sponge"
"Nirvana","Sunny Day Real Estate"
"Nirvana","The Chainsmokers"
"Nirvana","The Cooper Temple Clause"
"Nirvana","The Muffs"
"Nirvana","The Offspring"
"Nirvana","Toadies"
"Nirvana","Tove Lo"
"Nirvana","blink-182"
"Nirvana","Damien Jurado"
"Nirvana","Dead Confederate"
"Nirvana","Furious Monkey House"
"Nirvana","Hoobastank"
"Nirvana","Imagine Dragons"
"Nirvana","J Balvin"
"Nirvana","Paloma Ford"
"Nirvana","Powderfinger"
"Nirvana","Radish"
"Nirvana","Sevendust"
"Nirvana","Sloan"
"Nirvana","Taking Back Sunday"
"Nirvana","Adam Lambert"
"Nirvana","Adiam"
"Nirvana","Beach Baby"
"Nirvana","Bellusira"
"Nirvana","Birds of Tokyo"
"Nirvana","Blake Mills"
"Nirvana","Coffin Carousel"
"Nirvana","Dexter and the Moonrocks"
"Nirvana","Dinosaur Eyelids"
"Nirvana","Donovan Wolfington"
"Nirvana","Empires"
"Nirvana","Fictionist"
"Nirvana","Gross Magic"
"Nirvana","Hey Colossus"
"Nirvana","Honcho Da Savage"
"Nirvana","Horse Mode"
"Nirvana","James Arthur"
"Nirvana","Jez Dior"
"Nirvana","Little Matador"
"Nirvana","machineheart"
"Nirvana","Man with a Mission"
"Nirvana","Milk Teeth"
"Nirvana","Moose Blood"
"Nirvana","Mozes and the Firstborn"
"Nirvana","MXMS"
"Nirvana","No/Me"
"Nirvana","Post Malone"
"Nirvana","Pretty Sick"
"Nirvana","Ruby Waters"
"Nirvana","Slothrust"
"Nirvana","Strange Wilds"
"Nirvana","Syvia"
"Nirvana","The Amazons"
"Nirvana","The Pretty Reckless"
"Nirvana","THEY."
"Nirvana","Titanic Sinclair"
"Nirvana","Together Pangea"
"Nirvana","Travis Mills"
"Nirvana","Ume"
"Nirvana","Vision"
"Nirvana","White Eskimo"
"Nirvana","WZRD"
"Aphex Twin","Radiohead"
"Pixies","Radiohead"
"Suede","Radiohead"
"Autechre","Radiohead"
"Can","Radiohead"
"Kate Bush","Radiohead"
"Magazine","Radiohead"
"R.E.M.","Radiohead"
"Ride","Radiohead"
"Sonic Youth","Radiohead"
"Squarepusher","Radiohead"
"Talk Talk","Radiohead"
"Brian Eno","Radiohead"
"Elvis Costello","Radiohead"
"Neu!","Radiohead"
"Tim Buckley","Radiohead"
"Dinosaur Jr.","Radiohead"
"Radiohead","Arcade Fire"
"Radiohead","Doves"
"Radiohead","Elbow"
"Radiohead","Keane"
"Radiohead","Mogwai"
"Radiohead","The Beta Band"
"Radiohead","Broken Social Scene"
"Radiohead","Caribou"
"Radiohead","Editors"
"Radiohead","In Tall Buildings"
"Radiohead","José González"
"Radiohead","Liars"
"Radiohead","M83"
"Radiohead","Muse"
"Radiohead","Puma Blue"
"Radiohead","Silversun Pickups"
"Radiohead","Travis"
"Radiohead","Unbelievable Truth"
"Radiohead","A Place to Bury Strangers"
"Radiohead","Aqualung"
"Radiohead","Cave In"
"Radiohead","Damien Rice"
"Radiohead","Eisley"
"Radiohead","Embrace"
"Radiohead","Feeder"
"Radiohead","Grandaddy"
"Radiohead","Maps"
"Radiohead","Mew"
"Radiohead","Penelope Isles"
"Radiohead","Razorlight"
"Radiohead","The Czars"
"Radiohead","The Temper Trap"
"Radiohead","Underoath"
"Radiohead","White Lies"
"Radiohead","Akron/Family"
"Radiohead","Bright Eyes"
"Radiohead","Esben and the Witch"
"Radiohead","Six by Seven"
"Radiohead","The Fray"
"Radiohead","Yeasayer"
"Radiohead","Alt-J"
"Radiohead","Bob Moses"
"Radiohead","Car Seat Headrest"
"Radiohead","Darkside"
"Radiohead","Glass Animals"
"Radiohead","Idles"
"Radiohead","Junior Varsity"
"Radiohead","Love Spells"
"Radiohead","Marcus Mumford"
"Radiohead","Matt Berninger"
"Radiohead","Middle Kids"
"Radiohead","Panchiko"
"Radiohead","Paramore"
"Radiohead","Placebo"
"Radiohead","Portugal. The Man"
"Radiohead","SHAED"
"Radiohead","St. Lucia"
"Radiohead","The Moth & the Flame"
"Radiohead","Young the Giant"
"Radiohead","Zedd"
"Black Flag","Sonic Youth"
"Glenn Branca","Sonic Youth"
"Television","Sonic Youth"
"The Godz","Sonic Youth"
"Arto Lindsay","Sonic Youth"
"Destroy All Monsters","Sonic Youth"
"DNA","Sonic Youth"
"John Zorn","Sonic Youth"
"Ornette Coleman","Sonic Youth"
"Pretenders","Sonic Youth"
"Rhys Chatham","Sonic Youth"
"Suicide","Sonic Youth"
"The Fall","Sonic Youth"
"The Raincoats","Sonic Youth"
"The Stooges","Sonic Youth"
"Can","Sonic Youth"
"Chrome","Sonic Youth"
"Crime","Sonic Youth"
"John Fahey","Sonic Youth"
"Mission of Burma","Sonic Youth"
"Neil Young","Sonic Youth"
"New York Dolls","Sonic Youth"
"Richard Hell","Sonic Youth"
"Sun Ra","Sonic Youth"
"The Modern Lovers","Sonic Youth"
"The Shaggs","Sonic Youth"
"Wire","Sonic Youth"
"Yoko Ono","Sonic Youth"
"Adrian Belew","Sonic Youth"
"Alternative TV","Sonic Youth"
"Captain Beefheart","Sonic Youth"
"Cecil Taylor","Sonic Youth"
"Derek Bailey","Sonic Youth"
"Jimi Hendrix","Sonic Youth"
"The Nihilist Spasm Band","Sonic Youth"
"Sonic Youth","Alpine Decline"
"Sonic Youth","Dinosaur Jr."
"Sonic Youth","Dirty Three"
"Sonic Youth","Eric's Trip"
"Sonic Youth","Horsegirl"
"Sonic Youth","My Bloody Valentine"
"Sonic Youth","Pavement"
"Sonic Youth","Poster Children"
"Sonic Youth","Shonen Knife"
"Sonic Youth","Sleater-Kinney"
"Sonic Youth","...And You Will Know Us by the Trail of Dead"
"Sonic Youth","Arcade Fire"
"Sonic Youth","Band of Susans"
"Sonic Youth","Bardo Pond"
"Sonic Youth","Barkmarket"
"Sonic Youth","Blonde Redhead"
"Sonic Youth","Boredoms"
"Sonic Youth","Boss Hog"
"Sonic Youth","Cop Shoot Cop"
"Sonic Youth","Drive Like Jehu"
"Sonic Youth","Electrelane"
"Sonic Youth","Erase Errata"
"Sonic Youth","Everclear"
"Sonic Youth","Fennesz"
"Sonic Youth","Helium"
"Sonic Youth","Jon Spencer"
"Sonic Youth","Liars"
"Sonic Youth","Neutral Milk Hotel"
"Sonic Youth","Oneida"
"Sonic Youth","PJ Harvey"
"Sonic Youth","Polvo"
"Sonic Youth","Sebadoh"
"Sonic Youth","Skullflower"
"Sonic Youth","Slint"
"Sonic Youth","Slowdive"
"Sonic Youth","Teenage Fanclub"
"Sonic Youth","that dog."
"Sonic Youth","The Afghan Whigs"
"Sonic Youth","The Dead C"
"Sonic Youth","The Flaming Lips"
"Sonic Youth","The Kills"
"Sonic Youth","The Swirlies"
"Sonic Youth","Thinking Fellers Union Local #282"
"Sonic Youth","Yo La Tengo"
"Sonic Youth","Autolux"
"Sonic Youth","Babes in Toyland"
"Sonic Youth","Bailter Space"
"Sonic Youth","Bark Psychosis"
"Sonic Youth","Be Your Own Pet"
"Sonic Youth","Beck"
"Sonic Youth","Bloc Party"
"Sonic Youth","Broken Social Scene"
"Sonic Youth","Buffalo Daughter"
"Sonic Youth","Cat Power"
"Sonic Youth","Chavez"
"Sonic Youth","Cows"
"Sonic Youth","Crocodiles"
"Sonic Youth","CSS"
"Sonic Youth","Deerhoof"
"Sonic Youth","Don Caballero"
"Sonic Youth","Fugazi"
"Sonic Youth","Garbage"
"Sonic Youth","Girls Against Boys"
"Sonic Youth","Godspeed You! Black Emperor"
"Sonic Youth","Hole"
"Sonic Youth","Interpol"
"Sonic Youth","Juliana Hatfield"
"Sonic Youth","June of 44"
"Sonic Youth","Mecca Normal"
"Sonic Youth","Mercury Rev"
"Sonic Youth","Metric"
"Sonic Youth","Mogwai"
"Sonic Youth","Oxford Collapse"
"Sonic Youth","Pelican"
"Sonic Youth","Placebo"
"Sonic Youth","Pussy Galore"
"Sonic Youth","Rachel's"
"Sonic Youth","Radial Spangle"
"Sonic Youth","Railroad Jerk"
"Sonic Youth","Rodan"
"Sonic Youth","Seafood"
"Sonic Youth","Silversun Pickups"
"Sonic Youth","Sindy"
"Sonic Youth","Snow Patrol"
"Sonic Youth","Stereolab"
"Sonic Youth","The Go! Team"
"Sonic Youth","The Notwist"
"Sonic Youth","The Rapture"
"Sonic Youth","The Raveonettes"
"Sonic Youth","The Sonora Pine"
"Sonic Youth","Tiger Trap"
"Sonic Youth","Tortoise"
"Sonic Youth","Trans Am"
"Sonic Youth","Trumans Water"
"Sonic Youth","Tsunami"
"Sonic Youth","Ui"
"Sonic Youth","Unwound"
"Sonic Youth","Versus"
"Sonic Youth","7 Year Bitch"
"Sonic Youth","90 Day Men"
"Sonic Youth","Arab on Radar"
"Sonic Youth","Black Dice"
"Sonic Youth","Blind Idiot God"
"Sonic Youth","Deerhunter"
"Sonic Youth","dEUS"
"Sonic Youth","Disappears"
"Sonic Youth","Disco Doom"
"Sonic Youth","DJ Spooky"
"Sonic Youth","Genre Is Death"
"Sonic Youth","Godzuki"
"Sonic Youth","Guillemots"
"Sonic Youth","Helmet"
"Sonic Youth","His Name Is Alive"
"Sonic Youth","Hood"
"Sonic Youth","Japandroids"
"Sonic Youth","Liz Phair"
"Sonic Youth","Palm"
"Sonic Youth","Q and Not U"
"Sonic Youth","Ride"
"Sonic Youth","Sea Power"
"Sonic Youth","Sigur Rós"
"Sonic Youth","Soundgarden"
"Sonic Youth","St. Johnny"
"Sonic Youth","Swell"
"Sonic Youth","The Breeders"
"Sonic Youth","The Cribs"
"Sonic Youth","The Soft Moon"
"Sonic Youth","The Subways"
"Sonic Youth","Tiny Masters of Today"
"Sonic Youth","Travis"
"Sonic Youth","Unsane"
"Sonic Youth","VERO"
"Sonic Youth","Weed Diamond"
"Sonic Youth","Wharton Tiers"
"Sonic Youth","WIVES"
"Sonic Youth","Wolf Eyes"
"Sonic Youth","Andy Bell"
"Sonic Youth","California X"
"Sonic Youth","Casper Skulls"
"Sonic Youth","Cosmonauts"
"Sonic Youth","Deaf Wish"
"Sonic Youth","DTCV"
"Sonic Youth","Elle Belle"
"Sonic Youth","Health&Beauty"
"Sonic Youth","Jack White"
"Sonic Youth","Man with a Mission"
"Sonic Youth","Melt Banana"
"Sonic Youth","Milk Teeth"
"Sonic Youth","Olli Hirvonen"
"Sonic Youth","Pill"
"Sonic Youth","Potty Mouth"
"Sonic Youth","Royal Trux"
"Sonic Youth","Shana Falana"
"Sonic Youth","The Amazons"
"Sonic Youth","The Megaphonic Thrift"
"Sonic Youth","Ume"
"Sonic Youth","White Town"
"Sonic Youth","Witch Post"
"Karlheinz Stockhausen","Kraftwerk"
"Pierre Henry","Kraftwerk"
"Silver Apples","Kraftwerk"
"Steve Reich","Kraftwerk"
"Terry Riley","Kraftwerk"
"Moondog","Kraftwerk"
"Sun Ra","Kraftwerk"
"The Beatles","Kraftwerk"
"Kraftwerk","Afrika Bambaataa"
"Kraftwerk","Arthur Baker"
"Kraftwerk","Devo"
"Kraftwerk","Eurythmics"
"Kraftwerk","Falco"
"Kraftwerk","Gary Numan"
"Kraftwerk","Juan Atkins"
"Kraftwerk","Komputer"
"Kraftwerk","Laibach"
"Kraftwerk","Orchestral Manoeuvres in the Dark"
"Kraftwerk","Stereolab"
"Kraftwerk","The Art of Noise"
"Kraftwerk","Thomas Dolby"
"Kraftwerk","Yello"
"Kraftwerk","808 State"
"Kraftwerk","A Flock of Seagulls"
"Kraftwerk","Add N to (X)"
"Kraftwerk","Alphaville"
"Kraftwerk","Aphex Twin"
"Kraftwerk","Basic Channel"
"Kraftwerk","Big Data"
"Kraftwerk","Duran Duran"
"Kraftwerk","Erasure"
"Kraftwerk","Front 242"
"Kraftwerk","Front Line Assembly"
"Kraftwerk","Giorgio Moroder"
"Kraftwerk","Green Velvet"
"Kraftwerk","Klaus Nomi"
"Kraftwerk","Man Parrish"
"Kraftwerk","Material"
"Kraftwerk","Métal Urbain"
"Kraftwerk","Orbital"
"Kraftwerk","Pet Shop Boys"
"Kraftwerk","Ryuichi Sakamoto"
"Kraftwerk","Suicide"
"Kraftwerk","The Associates"
"Kraftwerk","The Egyptian Lover"
"Kraftwerk","Thompson Twins"
"Kraftwerk","Ultravox"
"Kraftwerk","Underworld"
"Kraftwerk","Yellow Magic Orchestra"
"Kraftwerk","A Certain Ratio"
"Kraftwerk","a-ha"
"Kraftwerk","Adult."
"Kraftwerk","Autechre"
"Kraftwerk","AUX 88"
"Kraftwerk","B12"
"Kraftwerk","Cabaret Voltaire"
"Kraftwerk","Carl Craig"
"Kraftwerk","Cybotron"
"Kraftwerk","DAF"
"Kraftwerk","Dâm-Funk"
"Kraftwerk","Die Krupps"
"Kraftwerk","Dynamix II"
"Kraftwerk","Frankie Goes to Hollywood"
"Kraftwerk","Heaven 17"
"Kraftwerk","Information Society"
"Kraftwerk","Jeff Mills"
"Kraftwerk","Jonzun Crew"
"Kraftwerk","Kraftwelt"
"Kraftwerk","Mantronix"
"Kraftwerk","Martin Gore"
"Kraftwerk","Moby"
"Kraftwerk","Mouse on Mars"
"Kraftwerk","Negativland"
"Kraftwerk","Nitzer Ebb"
"Kraftwerk","Oval"
"Kraftwerk","Pete Rock"
"Kraftwerk","Plaid"
"Kraftwerk","Soft Cell"
"Kraftwerk","The Cars"
"Kraftwerk","The Durutti Column"
"Kraftwerk","The Flying Lizards"
"Kraftwerk","The Human League"
"Kraftwerk","The KLF"
"Kraftwerk","The Orb"
"Kraftwerk","Tone Float"
"Kraftwerk","Tuxedomoon"
"Kraftwerk","Wire"
"Kraftwerk","Air"
"Kraftwerk","Client"
"Kraftwerk","Coil"
"Kraftwerk","Ladytron"
"Kraftwerk","Lazer Crystal"
"Kraftwerk","Man or Astro-man?"
"Kraftwerk","Meat Beat Manifesto"
"Kraftwerk","Nice Nice"
"Kraftwerk","Plone"
"Kraftwerk","Ratatat"
"Kraftwerk","Röyksopp"
"Kraftwerk","Severed Heads"
"Kraftwerk","Simple Minds"
"Kraftwerk","Terre Thaemlitz"
"Kraftwerk","The Beta Band"
"Kraftwerk","Throbbing Gristle"
"Kraftwerk","To Rococo Rot"
"Kraftwerk","Ultramarine"
"Kraftwerk","Absolutely Free"
"Kraftwerk","AFX"
"Kraftwerk","Apoptygma Berzerk"
"Kraftwerk","Au/Ra"
"Kraftwerk","Battle Tapes"
"Kraftwerk","Buffalo Daughter"
"Kraftwerk","Damaged Bug"
"Kraftwerk","Destructo"
"Kraftwerk","DJ Hell"
"Kraftwerk","Eliot Sumner"
"Kraftwerk","EXEK"
"Kraftwerk","Fever Ray"
"Kraftwerk","Jellybean"
"Kraftwerk","Kaskade"
"Kraftwerk","Klaus Johann Grobe"
"Kraftwerk","Miss Kittin"
"Kraftwerk","Recoil"
"Kraftwerk","Sagan Youth"
"Kraftwerk","Sasha"
"Kraftwerk","Snap!"
"Kraftwerk","Spring Heel Jack"
"Kraftwerk","STRFKR"
"Kraftwerk","Telex"
"Kraftwerk","Thomas Brinkmann"
"Kraftwerk","Trees Speak"
"Benny Carter","Miles Davis"
"Billy Eckstine","Miles Davis"
"Charlie Parker","Miles Davis"
"Duke Ellington","Miles Davis"
"James Brown","Miles Davis"
"Roy Eldridge","Miles Davis"
"Sly & the Family Stone","Miles Davis"
"Billy Strayhorn","Miles Davis"
"Bix Beiderbecke","Miles Davis"
"Bobby Hackett","Miles Davis"
"Clark Terry","Miles Davis"
"Dizzy Gillespie","Miles Davis"
"Freddy Webster","Miles Davis"
"George Russell","Miles Davis"
"Harry James","Miles Davis"
"Karlheinz Stockhausen","Miles Davis"
"Lester Young","Miles Davis"
"Louis Armstrong","Miles Davis"
"Ahmad Jamal","Miles Davis"
"Thelonious Monk","Miles Davis"
"Erskine Hawkins","Miles Davis"
"Miles Davis","Chet Baker"
"Miles Davis","Donald Byrd"
"Miles Davis","Freddie Hubbard"
"Miles Davis","Herb Alpert"
"Miles Davis","John Scofield"
"Miles Davis","Toshinori Kondo"
"Miles Davis","Weather Report"
"Miles Davis","Wynton Marsalis"
"Miles Davis","Art Farmer"
"Miles Davis","Brian Eno"
"Miles Davis","Clifford Brown"
"Miles Davis","David Toop"
"Miles Davis","George Duke"
"Miles Davis","Gil Scott-Heron"
"Miles Davis","Hal Willner"
"Miles Davis","Jack DeJohnette"
"Miles Davis","Joe Zawinul"
"Miles Davis","John McLaughlin"
"Miles Davis","Kenny G"
"Miles Davis","Kenny Wheeler"
"Miles Davis","Randy Brecker"
"Miles Davis","Ron Carter"
"Miles Davis","Santana"
"Miles Davis","Sly & the Family Stone"
"Miles Davis","Woody Shaw"
"Miles Davis","Al Di Meola"
"Miles Davis","Anthony Braxton"
"Miles Davis","As One"
"Miles Davis","Bill Evans"
"Miles Davis","Blue Mitchell"
"Miles Davis","Carla Bley"
"Miles Davis","Chick Corea"
"Miles Davis","Chris Botti"
"Miles Davis","Chuck Mangione"
"Miles Davis","Herbie Hancock"
"Miles Davis","John Klemmer"
"Miles Davis","Keith Jarrett"
"Miles Davis","Lonnie Liston Smith"
"Miles Davis","Muhal Richard Abrams"
"Miles Davis","Nat Adderley"
"Miles Davis","Shorty Rogers"
"Miles Davis","Stanley Clarke"
"Miles Davis","Steve Kuhn"
"Miles Davis","Steve Lacy"
"Miles Davis","Terence Blanchard"
"Miles Davis","The Blackbyrds"
"Miles Davis","Tom Harrell"
"Miles Davis","Tony Williams"
"Miles Davis","Urszula Dudziak"
"Miles Davis","Wallace Roney"
"Miles Davis","Wayne Shorter"
"Miles Davis","Billy Cobham"
"Miles Davis","Norman Connors"
"Miles Davis","Pat Metheny"
"Miles Davis","Shintaro Nakamura Quintet"
"Miles Davis","Alex Skolnick"
"Miles Davis","Arooj Aftab"
"Miles Davis","Dizzy"
"Miles Davis","Donald Fagen"
"Miles Davis","Dro Carey"
"Miles Davis","Goldfish"
"Miles Davis","GTA"
"Miles Davis","James Supercave"
"Miles Davis","Jane Ira Bloom"
"Miles Davis","Lisa Hilton"
"Miles Davis","Radiohead"
"Miles Davis","STS9"
"Miles Davis","The Third Mind"
"Miles Davis","This Heat"
"Miles Davis","Walter Becker"
"Miles Davis","Wayne Horvitz"
"Jimmy Forrest","James Brown"
"Louis Jordan","James Brown"
"Ray Charles","James Brown"
"Roy Brown","James Brown"
"Sam Cooke","James Brown"
"The Drifters","James Brown"
"Hank Ballard","James Brown"
"Jackie Wilson","James Brown"
"Little Richard","James Brown"
"The Dominoes","James Brown"
"Wynonie Harris","James Brown"
"Bobby Byrd","James Brown"
"The Highway Q.C.'s","James Brown"
"Chuck Berry","James Brown"
"Dizzy Gillespie","James Brown"
"Miles Davis","James Brown"
"The Coasters","James Brown"
"James Brown","Archie Bell"
"James Brown","Blowfly"
"James Brown","Bootsy Collins"
"James Brown","Chic"
"James Brown","Commodores"
"James Brown","Earth, Wind & Fire"
"James Brown","Fela Kuti"
"James Brown","Funkadelic"
"James Brown","George Clinton"
"James Brown","Gil Scott-Heron"
"James Brown","Jimmy Cliff"
"James Brown","Parliament"
"James Brown","Prince"
"James Brown","Run-D.M.C."
"James Brown","Sly & Robbie"
"James Brown","Sly & the Family Stone"
"James Brown","The Gap Band"
"James Brown","Tina Turner"
"James Brown","A Tribe Called Quest"
"James Brown","Baby Huey"
"James Brown","Bar-Kays"
"James Brown","Beck"
"James Brown","Biz Markie"
"James Brown","Bob Marley"
"James Brown","Bob Seger"
"James Brown","Brick"
"James Brown","CeeLo Green"
"James Brown","Charles Wright"
"James Brown","Chuck Brown"
"James Brown","Con Funk Shun"
"James Brown","Curtis Mayfield"
"James Brown","Digital Underground"
"James Brown","Dyke & the Blazers"
"James Brown","Edwin Starr"
"James Brown","Eric B. & Rakim"
"James Brown","Fishbone"
"James Brown","Graham Central Station"
"James Brown","Isaac Hayes"
"James Brown","Joe Cocker"
"James Brown","Jungle Brothers"
"James Brown","Kirk Franklin"
"James Brown","Kool & the Gang"
"James Brown","Living Colour"
"James Brown","Luther Ingram"
"James Brown","Michael Jackson"
"James Brown","Morris Day"
"James Brown","Ohio Players"
"James Brown","OutKast"
"James Brown","Paris"
"James Brown","Percy Sledge"
"James Brown","Peter Tosh"
"James Brown","Public Enemy"
"James Brown","Red Hot Chili Peppers"
"James Brown","Rick James"
"James Brown","Rod Stewart"
"James Brown","Slave"
"James Brown","Stevie Wonder"
"James Brown","The Fatback Band"
"James Brown","The Meters"
"James Brown","The O'Jays"
"James Brown","The Pop Group"
"James Brown","Tony Allen"
"James Brown","Toots & the Maytals"
"James Brown","Van Morrison"
"James Brown","Wilson Pickett"
"James Brown","Afrika Bambaataa"
"James Brown","Beastie Boys"
"James Brown","Bobby Brown"
"James Brown","Booker T. & the MG's"
"James Brown","Bruno Mars"
"James Brown","Buckwheat Zydeco"
"James Brown","Buddy Miles"
"James Brown","Cameo"
"James Brown","Desmond Dekker"
"James Brown","DJ Kool Herc"
"James Brown","Eddie Hazel"
"James Brown","EPMD"
"James Brown","Fatboy Slim"
"James Brown","Full Force"
"James Brown","Ice-T"
"James Brown","James Carr"
"James Brown","Jimmy Castor"
"James Brown","Joe Tex"
"James Brown","Jon Spencer"
"James Brown","KC & the Sunshine Band"
"James Brown","Kid 'N Play"
"James Brown","King Tubby"
"James Brown","L.T.D."
"James Brown","Lee Fields"
"James Brown","Little Feat"
"James Brown","Mandrill"
"James Brown","Millie Jackson"
"James Brown","Organized Noize"
"James Brown","Osibisa"
"James Brown","Queen Latifah"
"James Brown","Robin Thicke"
"James Brown","Ryan Shaw"
"James Brown","Sam & Dave"
"James Brown","The Brothers Johnson"
"James Brown","The Fantastic Four"
"James Brown","The Jackson 5"
"James Brown","The Spinners"
"James Brown","Tower of Power"
"James Brown","U-Roy"
"James Brown","Walter ""Wolfman"" Washington"
"James Brown","War"
"James Brown","William Bell"
"James Brown","Average White Band"
"James Brown","De La Soul"
"James Brown","Digable Planets"
"James Brown","DJ Shadow"
"James Brown","Galactic"
"James Brown","Hot Chocolate"
"James Brown","James Chance"
"James Brown","Liquid Liquid"
"James Brown","MC Hammer"
"James Brown","Nikka Costa"
"James Brown","Norman Harris"
"James Brown","O.V. Wright"
"James Brown","Sir Mix-A-Lot"
"James Brown","Super Rail Band"
"James Brown","The Brand New Heavies"
"James Brown","Tom Tom Club"
"James Brown","Van Hunt"
"James Brown","Whodini"
"James Brown","Alabama Shakes"
"James Brown","ALO"
"James Brown","Black Pumas"
"James Brown","Bohannon"
"James Brown","Gary Clark, Jr."
"James Brown","John Newman"
"James Brown","Lee Michaels"
"James Brown","Mark Ronson"
"James Brown","Oliver Mtukudzi"
"James Brown","Pokey"
"James Brown","Pokey Bear"
"James Brown","Prince and the Revolution"
"James Brown","Scott Isbell"
"James Brown","Sharon Jones"
"James Brown","Spoonie Gee"
"James Brown","Steve Arrington"
"James Brown","Tamera"
"James Brown","The War and Treaty"
"James Brown","Thomas Abban"
"Nat King Cole","Marvin Gaye"
"Sam Cooke","Marvin Gaye"
"Jackie Wilson","Marvin Gaye"
"Johnny Hartman","Marvin Gaye"
"Little Jimmy Scott","Marvin Gaye"
"The Drifters","Marvin Gaye"
"The Moonglows","Marvin Gaye"
"The Platters","Marvin Gaye"
"Ben E. King","Marvin Gaye"
"Brook Benton","Marvin Gaye"
"Clyde McPhatter","Marvin Gaye"
"Roy Hamilton","Marvin Gaye"
"Bing Crosby","Marvin Gaye"
"Bo Diddley","Marvin Gaye"
"Dean Martin","Marvin Gaye"
"Frank Sinatra","Marvin Gaye"
"Perry Como","Marvin Gaye"
"Ray Charles","Marvin Gaye"
"Marvin Gaye","Commodores"
"Marvin Gaye","Lionel Richie"
"Marvin Gaye","Martha & the Vandellas"
"Marvin Gaye","Michael Jackson"
"Marvin Gaye","Prince"
"Marvin Gaye","Rick James"
"Marvin Gaye","Al Green"
"Marvin Gaye","Ashford & Simpson"
"Marvin Gaye","Babyface"
"Marvin Gaye","Boyz II Men"
"Marvin Gaye","Bruno Mars"
"Marvin Gaye","D'Angelo"
"Marvin Gaye","Daryl Hall & John Oates"
"Marvin Gaye","Donny Hathaway"
"Marvin Gaye","Jill Scott"
"Marvin Gaye","Joe"
"Marvin Gaye","Justin Timberlake"
"Marvin Gaye","Luther Vandross"
"Marvin Gaye","Maxwell"
"Marvin Gaye","Mike Posner"
"Marvin Gaye","Raphael Saadiq"
"Marvin Gaye","Simply Red"
"Marvin Gaye","The Chi-Lites"
"Marvin Gaye","The Delfonics"
"Marvin Gaye","The Dramatics"
"Marvin Gaye","The Jackson 5"
"Marvin Gaye","The O'Jays"
"Marvin Gaye","The Time"
"Marvin Gaye","Aaliyah"
"Marvin Gaye","Alicia Keys"
"Marvin Gaye","Avant"
"Marvin Gaye","Ben Harper"
"Marvin Gaye","Dwele"
"Marvin Gaye","Gnarls Barkley"
"Marvin Gaye","Jaheim"
"Marvin Gaye","Jodeci"
"Marvin Gaye","Joss Stone"
"Marvin Gaye","Keith Sweat"
"Marvin Gaye","Lewis Taylor"
"Marvin Gaye","Madonna"
"Marvin Gaye","Mary J. Blige"
"Marvin Gaye","Massive Attack"
"Marvin Gaye","Michael Bolton"
"Marvin Gaye","Michael Kiwanuka"
"Marvin Gaye","Minnie Riperton"
"Marvin Gaye","Mitch Ryder"
"Marvin Gaye","Musiq Soulchild"
"Marvin Gaye","Norah Jones"
"Marvin Gaye","Phil Collins"
"Marvin Gaye","R. Kelly"
"Marvin Gaye","Rickie Lee Jones"
"Marvin Gaye","Robert Palmer"
"Marvin Gaye","Robin Thicke"
"Marvin Gaye","Seal"
"Marvin Gaye","Sly & Robbie"
"Marvin Gaye","Terence Trent D'Arby"
"Marvin Gaye","The Brothers Johnson"
"Marvin Gaye","The Rascals"
"Marvin Gaye","The Style Council"
"Marvin Gaye","Tony! Toni! Toné!"
"Marvin Gaye","Al B. Sure!"
"Marvin Gaye","Anthony Hamilton"
"Marvin Gaye","Bloodstone"
"Marvin Gaye","Brian McKnight"
"Marvin Gaye","Butterfly Ali"
"Marvin Gaye","Calvin Richardson"
"Marvin Gaye","Chocolate Genius"
"Marvin Gaye","Chrisette Michele"
"Marvin Gaye","Edwyn Collins"
"Marvin Gaye","Eric Benét"
"Marvin Gaye","Gregory Abbott"
"Marvin Gaye","Guy"
"Marvin Gaye","Jason Derulo"
"Marvin Gaye","John Legend"
"Marvin Gaye","KC & the Sunshine Band"
"Marvin Gaye","Kool & the Gang"
"Marvin Gaye","Lloyd"
"Marvin Gaye","Ne-Yo"
"Marvin Gaye","Norman Harris"
"Marvin Gaye","Peabo Bryson"
"Marvin Gaye","Raheem DeVaughn"
"Marvin Gaye","Rilo Kiley"
"Marvin Gaye","Taio Cruz"
"Marvin Gaye","Teena Marie"
"Marvin Gaye","The Hipstones"
"Marvin Gaye","Wyclef Jean"
"Marvin Gaye","Chloe George"
"Marvin Gaye","Cleo Sol"
"Marvin Gaye","Frank Ocean"
"Marvin Gaye","Frankie Beverly"
"Marvin Gaye","Jalen Ngonda"
"Marvin Gaye","James Supercave"
"Marvin Gaye","Javen"
"Marvin Gaye","Jimmy Gnecco"
"Marvin Gaye","Joey Dosik"
"Marvin Gaye","John Newman"
"Marvin Gaye","Lost Under Heaven"
"Marvin Gaye","LUH"
"Marvin Gaye","Michael Franti"
"Marvin Gaye","Michael McDonald"
"Marvin Gaye","Pablo Cruise"
"Marvin Gaye","Pell"
"Marvin Gaye","Robert Finley"
"Marvin Gaye","Ryan Shaw"
"Marvin Gaye","Will Downing"
"Diana Ross","Michael Jackson"
"Ray Charles","Michael Jackson"
"Stevie Wonder","Michael Jackson"
"The Supremes","Michael Jackson"
"Frankie Lymon","Michael Jackson"
"Jackie Wilson","Michael Jackson"
"Quincy Jones","Michael Jackson"
"Sammy Davis, Jr.","Michael Jackson"
"Sly & the Family Stone","Michael Jackson"
"Smokey Robinson","Michael Jackson"
"Bobby Day","Michael Jackson"
"Elton John","Michael Jackson"
"Gene Kelly","Michael Jackson"
"Bee Gees","Michael Jackson"
"Clyde McPhatter","Michael Jackson"
"Dionne Warwick","Michael Jackson"
"The Rolling Stones","Michael Jackson"
"Michael Jackson","Adam Lambert"
"Michael Jackson","Babyface"
"Michael Jackson","Beyoncé"
"Michael Jackson","Bobby Brown"
"Michael Jackson","Britney Spears"
"Michael Jackson","Bruno Mars"
"Michael Jackson","Jason Derulo"
"Michael Jackson","Madonna"
"Michael Jackson","Miguel"
"Michael Jackson","Ne-Yo"
"Michael Jackson","R. Kelly"
"Michael Jackson","The Weeknd"
"Michael Jackson","Usher"
"Michael Jackson","Backstreet Boys"
"Michael Jackson","Boyz II Men"
"Michael Jackson","Christina Aguilera"
"Michael Jackson","DeBarge"
"Michael Jackson","Jenevieve"
"Michael Jackson","Jennifer Lopez"
"Michael Jackson","Justin Timberlake"
"Michael Jackson","KC & the Sunshine Band"
"Michael Jackson","Kygo"
"Michael Jackson","New Edition"
"Michael Jackson","New Kids on the Block"
"Michael Jackson","One Direction"
"Michael Jackson","Paloma Ford"
"Michael Jackson","Paula Abdul"
"Michael Jackson","Rockwell"
"Michael Jackson","Scritti Politti"
"Michael Jackson","Tevin Campbell"
"Michael Jackson","The-Dream"
"Michael Jackson","*NSYNC"
"Michael Jackson","Ace of Base"
"Michael Jackson","Atlantic Starr"
"Michael Jackson","Bell Biv DeVoe"
"Michael Jackson","Blackstreet"
"Michael Jackson","Brandon Coleman"
"Michael Jackson","Camila Cabello"
"Michael Jackson","Charlie Puth"
"Michael Jackson","Chico DeBarge"
"Michael Jackson","Chris Brown"
"Michael Jackson","Enrique Iglesias"
"Michael Jackson","Eros Ramazzotti"
"Michael Jackson","Ginuwine"
"Michael Jackson","Guy"
"Michael Jackson","J. Holiday"
"Michael Jackson","Jamiroquai"
"Michael Jackson","Janelle Monáe"
"Michael Jackson","Jermaine Stewart"
"Michael Jackson","Jody Watley"
"Michael Jackson","Joe"
"Michael Jackson","Justin Bieber"
"Michael Jackson","Mariah Carey"
"Michael Jackson","Marques Houston"
"Michael Jackson","Nelly Furtado"
"Michael Jackson","Ricky Martin"
"Michael Jackson","Scissor Sisters"
"Michael Jackson","Seal"
"Michael Jackson","Sisqó"
"Michael Jackson","Strange Talk"
"Michael Jackson","SWV"
"Michael Jackson","Taio Cruz"
"Michael Jackson","Take That"
"Michael Jackson","Terence Trent D'Arby"
"Michael Jackson","Thalía"
"Michael Jackson","The 1975"
"Michael Jackson","The Chainsmokers"
"Michael Jackson","Timbaland"
"Michael Jackson","Tony! Toni! Toné!"
"Michael Jackson","Wham!"
"Michael Jackson","Christina Milian"
"Michael Jackson","Craig David"
"Michael Jackson","Eddie Murphy"
"Michael Jackson","Juanes"
"Michael Jackson","Marc Anthony"
"Michael Jackson","Miley Cyrus"
"Michael Jackson","P.M. Dawn"
"Michael Jackson","Roachford"
"Michael Jackson","Robbie Williams"
"Michael Jackson","Robin Thicke"
"Michael Jackson","Sean Kingston"
"Michael Jackson","The Jets"
"Michael Jackson","Adam Levine"
"Michael Jackson","Agnez Mo"
"Michael Jackson","Amir Obe"
"Michael Jackson","Andreas Moe"
"Michael Jackson","Ashley J."
"Michael Jackson","Aston Merrygold"
"Michael Jackson","AudioDamn!"
"Michael Jackson","Ayo & Teo"
"Michael Jackson","B. Smyth"
"Michael Jackson","Bellusira"
"Michael Jackson","Bishop Nehru"
"Michael Jackson","Bohnes"
"Michael Jackson","Bonnie McKee"
"Michael Jackson","Charlie Belle"
"Michael Jackson","Conrad Sewell"
"Michael Jackson","DeeWain"
"Michael Jackson","Deonis ""Pumah"" Cook"
"Michael Jackson","Empire Cast"
"Michael Jackson","Everything Everything"
"Michael Jackson","Francesco Yates"
"Michael Jackson","GASHI"
"Michael Jackson","GosT"
"Michael Jackson","HONNE"
"Michael Jackson","James Arthur"
"Michael Jackson","Jay Park"
"Michael Jackson","Jaylien"
"Michael Jackson","JooHeon"
"Michael Jackson","Joseph Angel"
"Michael Jackson","Katharina Boger"
"Michael Jackson","LANY"
"Michael Jackson","Leikeli47"
"Michael Jackson","Lexie Liu"
"Michael Jackson","M.I.L.K."
"Michael Jackson","Macklemore & Ryan Lewis"
"Michael Jackson","Mainland"
"Michael Jackson","Marc Antoine"
"Michael Jackson","Nicky Blitz"
"Michael Jackson","Olly Murs"
"Michael Jackson","Phebe Starr"
"Michael Jackson","Polina"
"Michael Jackson","Q"
"Michael Jackson","Redfoo"
"Michael Jackson","Rolluphills"
"Michael Jackson","RUNAGROUND"
"Michael Jackson","Ryland James"
"Michael Jackson","Sam Fischer"
"Michael Jackson","Scott Isbell"
"Michael Jackson","Shawn Hook"
"Michael Jackson","St. Lucia"
"Michael Jackson","Stanaj"
"Michael Jackson","The Deele"
"Michael Jackson","Tobtok"
"Michael Jackson","Trinidad Cardona"
"Michael Jackson","Troye Sivan"
"Michael Jackson","Tryon"
"Michael Jackson","VanJess"
"Michael Jackson","Vice Menta"
"Michael Jackson","Violet Days"
"Michael Jackson","Wens"
"Michael Jackson","Yashua"
"Michael Jackson","Zendaya"
"Michael Jackson","Drew Baldridge"
"Al Green","Prince"
"Funkadelic","Prince"
"George Clinton","Prince"
"Parliament","Prince"
"Sly & the Family Stone","Prince"
"Eddie Hazel","Prince"
"Isaac Hayes","Prince"
"Jackie Wilson","Prince"
"Joni Mitchell","Prince"
"Led Zeppelin","Prince"
"Santana","Prince"
"Chic","Prince"
"Larry Graham","Prince"
"Michael Henderson","Prince"
"The Brothers Johnson","Prince"
"Graham Central Station","Prince"
"Johnny ""Guitar"" Watson","Prince"
"Ohio Players","Prince"
"Stevie Wonder","Prince"
"Betty Davis","Prince"
"Bootsy Collins","Prince"
"Rufus","Prince"
"Sylvester","Prince"
"Prince","D'Angelo"
"Prince","Janet Jackson"
"Prince","Jason Derulo"
"Prince","Lenny Kravitz"
"Prince","Miguel"
"Prince","R. Kelly"
"Prince","Shakira"
"Prince","Terence Trent D'Arby"
"Prince","The-Dream"
"Prince","Adam Lambert"
"Prince","Beck"
"Prince","Bruno Mars"
"Prince","Cameo"
"Prince","HAIM"
"Prince","Jenevieve"
"Prince","Kesha"
"Prince","Madonna"
"Prince","Maxwell"
"Prince","Meshell Ndegeocello"
"Prince","Morris Day"
"Prince","Nervo"
"Prince","OutKast"
"Prince","Ready for the World"
"Prince","Seal"
"Prince","The Weeknd"
"Prince","Bobby Brown"
"Prince","Digital Underground"
"Prince","Ginuwine"
"Prince","Jonas Brothers"
"Prince","Musiq Soulchild"
"Prince","P.M. Dawn"
"Prince","Paloma Ford"
"Prince","Panic! At the Disco"
"Prince","Tevin Campbell"
"Prince","The Egyptian Lover"
"Prince","The Family Stand"
"Prince","Tony Rich"
"Prince","Dâm-Funk"
"Prince","Justin Bieber"
"Prince","Khalid"
"Prince","Marsha Ambrosius"
"Prince","N.E.R.D"
"Prince","Sa-Ra Creative Partners"
"Prince","Taio Cruz"
"Prince","The Afghan Whigs"
"Prince","The Convenience"
"Prince","Tonéx"
"Prince","AJ Mitchell"
"Prince","Aston Merrygold"
"Prince","Big Boi"
"Prince","Bonnie McKee"
"Prince","CIL"
"Prince","Delicate Steve"
"Prince","Elohim"
"Prince","Fantastic Negrito"
"Prince","Fat Tony"
"Prince","Francesco Yates"
"Prince","Frank Ocean"
"Prince","Ghost Dawg"
"Prince","Gladius James"
"Prince","H.E.R."
"Prince","Intellexual"
"Prince","Jam & Lewis"
"Prince","James Arthur"
"Prince","Janelle Monáe"
"Prince","Jessie J"
"Prince","John Newman"
"Prince","Joseph Angel"
"Prince","Junior Mesa"
"Prince","Kimbra"
"Prince","LA Priest"
"Prince","Lo Fidelity Allstars"
"Prince","M.I.L.K."
"Prince","Marc Antoine"
"Prince","Nelly Furtado"
"Prince","Nick Jonas"
"Prince","Onuinu"
"Prince","Playboi Carti"
"Prince","Raphael Saadiq"
"Prince","Reggie Becton"
"Prince","Sam Lao"
"Prince","Shafiq Husayn"
"Prince","Shakespears Sister"
"Prince","Shawn Hook"
"Prince","Shelley FKA DRAM"
"Prince","SHINee"
"Prince","Stokley"
"Prince","STS9"
"Prince","Tate Tucker"
"Prince","The Deele"
"Prince","Walk the Moon"
"Prince","Watch the Duck"
"Prince","Wens"
"Prince","World Party"
"Prince","Xay Capisce"
"Prince","Lola Young"
"Blue Cheer","Black Sabbath"
"The Who","Black Sabbath"
"The Yardbirds","Black Sabbath"
"Yes","Black Sabbath"
"Iron Butterfly","Black Sabbath"
"John Mayall","Black Sabbath"
"The Crazy World of Arthur Brown","Black Sabbath"
"Vanilla Fudge","Black Sabbath"
"Screaming Lord Sutch","Black Sabbath"
"The Beatles","Black Sabbath"
"The Kinks","Black Sabbath"
"Black Sabbath","Accept"
"Black Sabbath","Boris"
"Black Sabbath","Cathedral"
"Black Sabbath","Electric Wizard"
"Black Sabbath","Kiss"
"Black Sabbath","Manowar"
"Black Sabbath","Metallica"
"Black Sabbath","Ministry"
"Black Sabbath","Misfits"
"Black Sabbath","Overkill"
"Black Sabbath","Pantera"
"Black Sabbath","Queens of the Stone Age"
"Black Sabbath","Queensrÿche"
"Black Sabbath","Sepultura"
"Black Sabbath","Soundgarden"
"Black Sabbath","Suicidal Tendencies"
"Black Sabbath","System of a Down"
"Black Sabbath","Van Halen"
"Black Sabbath","Venom"
"Black Sabbath","Audioslave"
"Black Sabbath","Coheed and Cambria"
"Black Sabbath","Cradle of Filth"
"Black Sabbath","Danzig"
"Black Sabbath","Entombed"
"Black Sabbath","Faith No More"
"Black Sabbath","Fear Factory"
"Black Sabbath","King's X"
"Black Sabbath","Machine Head"
"Black Sabbath","Mastodon"
"Black Sabbath","My Dying Bride"
"Black Sabbath","Opeth"
"Black Sabbath","Pelican"
"Black Sabbath","Screaming Trees"
"Black Sabbath","Spinal Tap"
"Black Sabbath","Sunn O)))"
"Black Sabbath","Tenacious D"
"Black Sabbath","The Darkness"
"Black Sabbath","Acid Mothers Temple"
"Black Sabbath","Alice in Chains"
"Black Sabbath","Atreyu"
"Black Sabbath","Band of Susans"
"Black Sabbath","Biohazard"
"Black Sabbath","Black Flag"
"Black Sabbath","Black Mountain"
"Black Sabbath","Bolt Thrower"
"Black Sabbath","Candlebox"
"Black Sabbath","Carcass"
"Black Sabbath","Celtic Frost"
"Black Sabbath","Clutch"
"Black Sabbath","Coal Chamber"
"Black Sabbath","Dead Confederate"
"Black Sabbath","Deftones"
"Black Sabbath","Dinosaur Jr."
"Black Sabbath","Disturbed"
"Black Sabbath","Fu Manchu"
"Black Sabbath","Godflesh"
"Black Sabbath","Godsmack"
"Black Sabbath","Isis"
"Black Sabbath","Korn"
"Black Sabbath","Kyuss"
"Black Sabbath","Lamb of God"
"Black Sabbath","Lightning Bolt"
"Black Sabbath","Mercyful Fate"
"Black Sabbath","Monster Magnet"
"Black Sabbath","Morbid Angel"
"Black Sabbath","Napalm Death"
"Black Sabbath","Neurosis"
"Black Sabbath","Nickelback"
"Black Sabbath","Otep"
"Black Sabbath","Papa Roach"
"Black Sabbath","Poison the Well"
"Black Sabbath","Ratt"
"Black Sabbath","Saxon"
"Black Sabbath","Slipknot"
"Black Sabbath","Staind"
"Black Sabbath","Tesla"
"Black Sabbath","Testament"
"Black Sabbath","Twisted Sister"
"Black Sabbath","Voivod"
"Black Sabbath","W.A.S.P."
"Black Sabbath","White Zombie"
"Black Sabbath","Zeni Geva"
"Black Sabbath",".45 Grave"
"Black Sabbath","A Perfect Circle"
"Black Sabbath","Boredoms"
"Black Sabbath","Cannibal Corpse"
"Black Sabbath","Chevelle"
"Black Sabbath","Dead Meadow"
"Black Sabbath","Death"
"Black Sabbath","Def Leppard"
"Black Sabbath","Die Krupps"
"Black Sabbath","Downset"
"Black Sabbath","Dream Theater"
"Black Sabbath","Dungen"
"Black Sabbath","Great White"
"Black Sabbath","Harvey Milk"
"Black Sabbath","Iced Earth"
"Black Sabbath","Killing Joke"
"Black Sabbath","Lacuna Coil"
"Black Sabbath","Laughing Hyenas"
"Black Sabbath","Lordi"
"Black Sabbath","Loudness"
"Black Sabbath","Mother Love Bone"
"Black Sabbath","Mötley Crüe"
"Black Sabbath","My Morning Jacket"
"Black Sabbath","Orange Goblin"
"Black Sabbath","Primus"
"Black Sabbath","Rollins Band"
"Black Sabbath","Rush"
"Black Sabbath","Salome"
"Black Sabbath","Skin Yard"
"Black Sabbath","Sleep"
"Black Sabbath","Sodom"
"Black Sabbath","Soulfly"
"Black Sabbath","The Atomic Bitchwax"
"Black Sabbath","The Cult"
"Black Sabbath","The Fucking Champs"
"Black Sabbath","Thrones"
"Black Sabbath","Toadies"
"Black Sabbath","Trivium"
"Black Sabbath","Wipers"
"Black Sabbath","Angel Witch"
"Black Sabbath","Autopsy"
"Black Sabbath","Blood Ceremony"
"Black Sabbath","Blue Snaggletooth"
"Black Sabbath","Bulbous Creation"
"Black Sabbath","Demon Head"
"Black Sabbath","Destructo"
"Black Sabbath","Diablo Blvd"
"Black Sabbath","Fish"
"Black Sabbath","Fostermother"
"Black Sabbath","Green Lung"
"Black Sabbath","HUDDY"
"Black Sabbath","Jazz Sabbath"
"Black Sabbath","Kevin Kiner"
"Black Sabbath","Magnus Karlsson"
"Black Sabbath","Malamorte"
"Black Sabbath","OG Maco"
"Black Sabbath","ORB"
"Black Sabbath","Paris Shadows"
"Black Sabbath","Pigs Pigs Pigs Pigs Pigs Pigs Pigs"
"Black Sabbath","Samsara Blues Experiment"
"Black Sabbath","Scarface"
"Black Sabbath","Soggy"
"Black Sabbath","Volbeat"
"Black Sabbath","Zakk Sabbath"
"Black Sabbath","Allie Crow Buckley"
"Diamond Head","Metallica"
"Misfits","Metallica"
"Motörhead","Metallica"
"Angel Witch","Metallica"
"Budgie","Metallica"
"Deep Purple","Metallica"
"Iron Maiden","Metallica"
"Judas Priest","Metallica"
"Saxon","Metallica"
"Samhain","Metallica"
"Venom","Metallica"
"AC/DC","Metallica"
"Anvil","Metallica"
"Blue Öyster Cult","Metallica"
"G.B.H.","Metallica"
"Killing Joke","Metallica"
"Lynyrd Skynyrd","Metallica"
"Queen","Metallica"
"The Stooges","Metallica"
"Thin Lizzy","Metallica"
"UFO","Metallica"
"Wishbone Ash","Metallica"
"Accept","Metallica"
"Blitzkrieg","Metallica"
"Ramones","Metallica"
"Raven","Metallica"
"Metallica","Deftones"
"Metallica","Machine Head"
"Metallica","Pantera"
"Metallica","Prong"
"Metallica","Alice in Chains"
"Metallica","Bolt Thrower"
"Metallica","Carcass"
"Metallica","Cradle of Filth"
"Metallica","Death Angel"
"Metallica","Disturbed"
"Metallica","Dream Theater"
"Metallica","Entombed"
"Metallica","Killswitch Engage"
"Metallica","King's X"
"Metallica","Kyuss"
"Metallica","Lamb of God"
"Metallica","Morbid Angel"
"Metallica","Sepultura"
"Metallica","System of a Down"
"Metallica","Type O Negative"
"Metallica","White Zombie"
"Metallica","Cannibal Corpse"
"Metallica","Coal Chamber"
"Metallica","Dethklok"
"Metallica","Evanescence"
"Metallica","From First to Last"
"Metallica","Helmet"
"Metallica","House of Heavy"
"Metallica","Korn"
"Metallica","Mastodon"
"Metallica","Mudvayne"
"Metallica","Neurosis"
"Metallica","P.O.D."
"Metallica","Pro-Pain"
"Metallica","Sevendust"
"Metallica","Slayer"
"Metallica","Testament"
"Metallica","Trivium"
"Metallica","Underoath"
"Metallica","Vision of Disorder"
"Metallica","As I Lay Dying"
"Metallica","Biohazard"
"Metallica","CKY"
"Metallica","Creed"
"Metallica","GWAR"
"Metallica","Hayden"
"Metallica","Hellyeah"
"Metallica","HIM"
"Metallica","Iced Earth"
"Metallica","Therapy?"
"Metallica","Andy Black"
"Metallica","Annihilator"
"Metallica","Asking Alexandria"
"Metallica","Aversion"
"Metallica","Coffin Carousel"
"Metallica","Cold"
"Metallica","Corey Taylor"
"Metallica","Coroner"
"Metallica","Dark Angel"
"Metallica","Demolition Hammer"
"Metallica","Destructo"
"Metallica","Diablo Blvd"
"Metallica","Evildead"
"Metallica","Evile"
"Metallica","Excel"
"Metallica","Farewell, My Love"
"Metallica","Fictionist"
"Metallica","Forbidden"
"Metallica","Forced Entry"
"Metallica","GTA"
"Metallica","Motionless in White"
"Metallica","Puppy"
"Metallica","Radio Romance"
"Metallica","Sacred Reich"
"Metallica","Sacrifice"
"Metallica","Sadus"
"Metallica","Skillet"
"Metallica","Sons of Texas"
"Metallica","Tetrarch"
"Metallica","The Amazons"
"Metallica","The Offspring"
"Metallica","Travis Barker"
"Metallica","Vio-Lence"
"Metallica","Volbeat"
"Metallica","Wrathchild America"
"Metallica","Xentrix"
"Metallica","Yashin"
"Metallica","Youth Code"
"Curtis Mayfield","Bob Marley"
"Haile Selassie","Bob Marley"
"Jackie Wilson","Bob Marley"
"Joe Higgs","Bob Marley"
"Laurel Aitken","Bob Marley"
"Marcus Garvey","Bob Marley"
"The Skatalites","Bob Marley"
"Clement ""Coxsone"" Dodd","Bob Marley"
"Prince Buster","Bob Marley"
"The Flamingos","Bob Marley"
"The Isley Brothers","Bob Marley"
"John Holt","Bob Marley"
"Smokey Robinson","Bob Marley"
"The Paragons","Bob Marley"
"Bob Marley","Black Uhuru"
"Bob Marley","Burning Spear"
"Bob Marley","Damian Marley"
"Bob Marley","Dennis Brown"
"Bob Marley","Gregory Isaacs"
"Bob Marley","Johnny Nash"
"Bob Marley","Prince Far I"
"Bob Marley","Stephen Marley"
"Bob Marley","Sugar Minott"
"Bob Marley","UB40"
"Bob Marley","Ziggy Marley"
"Bob Marley","Andrew Tosh"
"Bob Marley","Aswad"
"Bob Marley","Buju Banton"
"Bob Marley","Capleton"
"Bob Marley","Eddy Grant"
"Bob Marley","Fugees"
"Bob Marley","Joe Gibbs"
"Bob Marley","Judy Mowatt"
"Bob Marley","Max Romeo"
"Bob Marley","Maxi Priest"
"Bob Marley","Pato Banton"
"Bob Marley","Sly & Robbie"
"Bob Marley","Spearhead"
"Bob Marley","Steel Pulse"
"Bob Marley","Third World"
"Bob Marley","Tricky"
"Bob Marley","U-Roy"
"Bob Marley","Wyclef Jean"
"Bob Marley","Alpha Blondy"
"Bob Marley","Bad Brains"
"Bob Marley","Beenie Man"
"Bob Marley","Ben Harper"
"Bob Marley","Finley Quaye"
"Bob Marley","Fishbone"
"Bob Marley","Fousheé"
"Bob Marley","Gilberto Gil"
"Bob Marley","Jamiroquai"
"Bob Marley","Lauryn Hill"
"Bob Marley","Linton Kwesi Johnson"
"Bob Marley","Lucky Dube"
"Bob Marley","Manu Chao"
"Bob Marley","Mutabaruka"
"Bob Marley","Sade"
"Bob Marley","Santana"
"Bob Marley","Shinehead"
"Bob Marley","Sinéad O'Connor"
"Bob Marley","Arrested Development"
"Bob Marley","Benjamin Zephaniah"
"Bob Marley","Bruno Mars"
"Bob Marley","Busta Rhymes"
"Bob Marley","Colbie Caillat"
"Bob Marley","Frankie Paul"
"Bob Marley","Jack Johnson"
"Bob Marley","K'NAAN"
"Bob Marley","KRS-One"
"Bob Marley","Lenny Kravitz"
"Bob Marley","Luciano"
"Bob Marley","Matisyahu"
"Bob Marley","Musical Youth"
"Bob Marley","O.A.R."
"Bob Marley","Ozomatli"
"Bob Marley","P.O.D."
"Bob Marley","Sizzla"
"Bob Marley","Tracy Chapman"
"Bob Marley","Trey Anastasio"
"Bob Marley","311"
"Bob Marley","Alborosie"
"Bob Marley","Asian Dub Foundation"
"Bob Marley","Dave Matthews"
"Bob Marley","Deniro Farrar"
"Bob Marley","Flatbush Zombies"
"Bob Marley","Jesse Royal"
"Bob Marley","Matt Hartke"
"Bob Marley","Michael Franti"
"Bob Marley","Michael Franti & Spearhead"
"Bob Marley","Nico & Vinz"
"Bob Marley","Pete Francis"
"Bob Marley","Sia"
"Bob Marley","Sting"
"Bob Marley","Thomas Abban"
"Bob Marley","AHI"
"Bob Marley","Dave Matthews Band"
"Bob Marley","Sublime"
"Bob Marley","TobyMac"
"Duane Eddy","Neil Young"
"Elvis Presley","Neil Young"
"The Rolling Stones","Neil Young"
"Hank Williams","Neil Young"
"Johnny Cash","Neil Young"
"Ronnie Self","Neil Young"
"The Fleetwoods","Neil Young"
"Bill Monroe","Neil Young"
"Don Gibson","Neil Young"
"Ian & Sylvia","Neil Young"
"Phil Ochs","Neil Young"
"The Beatles","Neil Young"
"The Monotones","Neil Young"
"Davy Graham","Neil Young"
"Jimmy Reed","Neil Young"
"Roscoe Holcomb","Neil Young"
"Tom Paxton","Neil Young"
"Willie Nelson","Neil Young"
"Neil Young","America"
"Neil Young","Dinosaur Jr."
"Neil Young","Eagles"
"Neil Young","Jackson Browne"
"Neil Young","Pearl Jam"
"Neil Young","R.E.M."
"Neil Young","The Flaming Lips"
"Neil Young","The Jayhawks"
"Neil Young","Blue Rodeo"
"Neil Young","Cowboy Junkies"
"Neil Young","Dave Matthews Band"
"Neil Young","Freedy Johnston"
"Neil Young","Giant Sand"
"Neil Young","In Tall Buildings"
"Neil Young","Indigo Girls"
"Neil Young","Jason & the Scorchers"
"Neil Young","Joe Henry"
"Neil Young","John Hiatt"
"Neil Young","Kacey Musgraves"
"Neil Young","Lucinda Williams"
"Neil Young","Mark Lanegan"
"Neil Young","Meat Puppets"
"Neil Young","moe."
"Neil Young","My Morning Jacket"
"Neil Young","Pixies"
"Neil Young","Pretenders"
"Neil Young","Ray LaMontagne"
"Neil Young","Red House Painters"
"Neil Young","Ryan Adams"
"Neil Young","Screaming Trees"
"Neil Young","Son Volt"
"Neil Young","Soul Asylum"
"Neil Young","Soundgarden"
"Neil Young","Steve Forbert"
"Neil Young","Steve Wynn"
"Neil Young","The Blasters"
"Neil Young","Train"
"Neil Young","Vic Chesnutt"
"Neil Young","Victoria Williams"
"Neil Young","Alice in Chains"
"Neil Young","Beat Farmers"
"Neil Young","Bright Eyes"
"Neil Young","Buffalo Tom"
"Neil Young","Chuck Prophet"
"Neil Young","Everclear"
"Neil Young","Fleet Foxes"
"Neil Young","Grant Lee Buffalo"
"Neil Young","Juliana Hatfield"
"Neil Young","Lambchop"
"Neil Young","Lloyd Cole"
"Neil Young","Mercury Rev"
"Neil Young","Opal"
"Neil Young","Peter Case"
"Neil Young","Rain Parade"
"Neil Young","Shawn Mullins"
"Neil Young","Spiritualized"
"Neil Young","Teenage Fanclub"
"Neil Young","The Black Crowes"
"Neil Young","The Bottle Rockets"
"Neil Young","The Del-Lords"
"Neil Young","U.S. Highball"
"Neil Young","Uncle Tupelo"
"Neil Young","Wilco"
"Neil Young","Band of Horses"
"Neil Young","Ben Kweller"
"Neil Young","Bettie Serveert"
"Neil Young","Cold War Kids"
"Neil Young","Damien Jurado"
"Neil Young","Dead Confederate"
"Neil Young","Deer Tick"
"Neil Young","Eels"
"Neil Young","Eleventh Dream Day"
"Neil Young","fIREHOSE"
"Neil Young","Indigo Sparke"
"Neil Young","L.A. Salami"
"Neil Young","Mojave 3"
"Neil Young","Scud Mountain Boys"
"Neil Young","Slowgold"
"Neil Young","Sugarland"
"Neil Young","The Lemonheads"
"Neil Young","The Long Ryders"
"Neil Young","The Low Anthem"
"Neil Young","Will Oldham"
"Neil Young","Air Waves"
"Neil Young","Amanda Rheaume"
"Neil Young","Andy Shauf"
"Neil Young","Blake Mills"
"Neil Young","Devarrow"
"Neil Young","Dizzy"
"Neil Young","Doug Keith"
"Neil Young","Doug Tuttle"
"Neil Young","Hellsingland Underground"
"Neil Young","Israel Nash"
"Neil Young","Jason Isbell & the 400 Unit"
"Neil Young","Kristin Diable"
"Neil Young","Lorde"
"Neil Young","Low Cut Connie"
"Neil Young","Lukas Nelson"
"Neil Young","Mapache"
"Neil Young","Melanie A. Davis"
"Neil Young","Nicolette Larson"
"Neil Young","Passenger"
"Neil Young","Pierce Edens"
"Neil Young","Rah Rah"
"Neil Young","Reuben and the Dark"
"Neil Young","Skylar Grey"
"Neil Young","Tedo Stone"
"Neil Young","The Knocks"
"Neil Young","Trent Dabbs"
"Neil Young","Withered Hand"
"Neil Young","Young the Giant"
"Elmore James","Fleetwood Mac"
"The Beach Boys","Fleetwood Mac"
"The Rolling Stones","Fleetwood Mac"
"The Yardbirds","Fleetwood Mac"
"B.B. King","Fleetwood Mac"
"Buddy Guy","Fleetwood Mac"
"Otis Spann","Fleetwood Mac"
"The Byrds","Fleetwood Mac"
"The Everly Brothers","Fleetwood Mac"
"Willie Dixon","Fleetwood Mac"
"Cat Stevens","Fleetwood Mac"
"Paul Simon","Fleetwood Mac"
"The Moody Blues","Fleetwood Mac"
"Elvis Presley","Fleetwood Mac"
"Gene Vincent","Fleetwood Mac"
"Jefferson Airplane","Fleetwood Mac"
"Bee Gees","Fleetwood Mac"
"Otis Rush","Fleetwood Mac"
"The Mamas & the Papas","Fleetwood Mac"
"Fleetwood Mac","Rilo Kiley"
"Fleetwood Mac","10,000 Maniacs"
"Fleetwood Mac","Blues Traveler"
"Fleetwood Mac","Sheryl Crow"
"Fleetwood Mac","Florence + the Machine"
"Fleetwood Mac","HAIM"
"Fleetwood Mac","Khalid"
"Fleetwood Mac","Paramore"
"Fleetwood Mac","Hem"
"Fleetwood Mac","Jewel"
"Fleetwood Mac","Jordana"
"Fleetwood Mac","Miguel"
"Fleetwood Mac","Niall Horan"
"Fleetwood Mac","Shawn Colvin"
"Fleetwood Mac","The 1975"
"Fleetwood Mac","The Corrs"
"Fleetwood Mac","Third Eye Blind"
"Fleetwood Mac","Train"
"Fleetwood Mac","Alex Maxwell"
"Fleetwood Mac","Ally Evenson"
"Fleetwood Mac","Animal Daydream"
"Fleetwood Mac","Anna Cordell"
"Fleetwood Mac","Caveboy"
"Fleetwood Mac","Dea Matrona"
"Fleetwood Mac","Dina Ögon"
"Fleetwood Mac","Ella Henderson"
"Fleetwood Mac","Holy Holy"
"Fleetwood Mac","Johnny Delaware"
"Fleetwood Mac","JOY."
"Fleetwood Mac","Kita Alexander"
"Fleetwood Mac","Ladyhawke"
"Fleetwood Mac","Lorde"
"Fleetwood Mac","machineheart"
"Fleetwood Mac","Matchbox Twenty"
"Fleetwood Mac","Matrimony"
"Fleetwood Mac","Nicky Blitz"
"Fleetwood Mac","Owl Eyes"
"Fleetwood Mac","Remember Sports"
"Fleetwood Mac","Robyn Sherwell"
"Fleetwood Mac","SASAMI"
"Fleetwood Mac","Say Lou Lou"
"Fleetwood Mac","Scavenger Hunt"
"Fleetwood Mac","Sheppard"
"Fleetwood Mac","Stonefield"
"Fleetwood Mac","The Legal Matters"
"Fleetwood Mac","The Preatures"
"Fleetwood Mac","TOPS"
"Fleetwood Mac","Walter Egan"
"Fleetwood Mac","Wild Rivers"
"Fleetwood Mac","Young Statues"
"Fleetwood Mac","Duncan Sheik"
"Fleetwood Mac","Paula Cole"
"Fleetwood Mac","Hootie & the Blowfish"
"Fleetwood Mac","Lisa Loeb"
"Fleetwood Mac","Sister Hazel"
"Fleetwood Mac","Tonic"
"Fleetwood Mac","The Cranberries"
"Big Joe Williams","Muddy Waters"
"Robert Johnson","Muddy Waters"
"Robert Nighthawk","Muddy Waters"
"Son House","Muddy Waters"
"Tommy Johnson","Muddy Waters"
"Big Bill Broonzy","Muddy Waters"
"Mississippi Fred McDowell","Muddy Waters"
"Mississippi John Hurt","Muddy Waters"
"Skip James","Muddy Waters"
"Willie Dixon","Muddy Waters"
"Blind Blake","Muddy Waters"
"Blind Lemon Jefferson","Muddy Waters"
"Blind Willie Johnson","Muddy Waters"
"Blind Willie McTell","Muddy Waters"
"Charley Patton","Muddy Waters"
"Lead Belly","Muddy Waters"
"Leroy Carr","Muddy Waters"
"Sonny Boy Williamson II","Muddy Waters"
"Tampa Red","Muddy Waters"
"Muddy Waters","Buddy Guy"
"Muddy Waters","Eric Clapton"
"Muddy Waters","James Cotton"
"Muddy Waters","Johnny Winter"
"Muddy Waters","Louisiana Red"
"Muddy Waters","Luther ""Guitar Junior"" Johnson"
"Muddy Waters","Magic Sam"
"Muddy Waters","Otis Rush"
"Muddy Waters","Slim Harpo"
"Muddy Waters","The Yardbirds"
"Muddy Waters","Big Bill Morganfield"
"Muddy Waters","Bo Diddley"
"Muddy Waters","Charlie Musselwhite"
"Muddy Waters","Cornelius Green"
"Muddy Waters","Eddy Clearwater"
"Muddy Waters","J.B. Hutto"
"Muddy Waters","Jimmy Rogers"
"Muddy Waters","Lonesome Sundown"
"Muddy Waters","Luther ""Houserocker"" Johnson"
"Muddy Waters","Luther Allison"
"Muddy Waters","Omar & the Howlers"
"Muddy Waters","Otis Taylor"
"Muddy Waters","Ronnie Earl"
"Muddy Waters","Roy Buchanan"
"Muddy Waters","The Animals"
"Muddy Waters","The Band"
"Muddy Waters","Billy C. Wirtz"
"Muddy Waters","Blindside Blues Band"
"Muddy Waters","Canned Heat"
"Muddy Waters","Eddie Hazel"
"Muddy Waters","Etta James"
"Muddy Waters","Faces"
"Muddy Waters","George Thorogood"
"Muddy Waters","Jeff Beck"
"Muddy Waters","Jimmy Reed"
"Muddy Waters","John Hammond, Jr."
"Muddy Waters","John Mayall"
"Muddy Waters","Johnny Copeland"
"Muddy Waters","Junior Kimbrough"
"Muddy Waters","Long John Baldry"
"Muddy Waters","Michael Bloomfield"
"Muddy Waters","Otis Spann"
"Muddy Waters","Paul Butterfield"
"Muddy Waters","R.L. Burnside"
"Muddy Waters","Savoy Brown"
"Muddy Waters","Siegel-Schwall Band"
"Muddy Waters","Ten Years After"
"Muddy Waters","The Black Keys"
"Muddy Waters","The Nighthawks"
"Muddy Waters","The Pretty Things"
"Muddy Waters","Them"
"Muddy Waters","Alexis Korner"
"Muddy Waters","Amy Winehouse"
"Muddy Waters","Brunning Sunflower Blues Band"
"Muddy Waters","Doctor Ross"
"Muddy Waters","Downchild Blues Band"
"Muddy Waters","Eddie Shaw"
"Muddy Waters","Frank Zappa"
"Muddy Waters","George ""Mojo"" Buford"
"Muddy Waters","George Bedard"
"Muddy Waters","Syl Johnson"
"Muddy Waters","The Gutter Twins"
"Muddy Waters","Willie Kent"
"Muddy Waters","Climax Blues Band"
"Muddy Waters","Danielle Nicole"
"Muddy Waters","Hozier"
"Muddy Waters","Raphael Saadiq"
"Charles Brown","Ray Charles"
"Guitar Slim","Ray Charles"
"Louis Jordan","Ray Charles"
"Nat King Cole","Ray Charles"
"Billy Eckstine","Ray Charles"
"Count Basie","Ray Charles"
"George Gershwin","Ray Charles"
"Hoagy Carmichael","Ray Charles"
"Josh White","Ray Charles"
"Piano Red","Ray Charles"
"Tampa Red","Ray Charles"
"Art Tatum","Ray Charles"
"Erskine Hawkins","Ray Charles"
"Louis Armstrong","Ray Charles"
"Big Joe Turner","Ray Charles"
"Hank Snow","Ray Charles"
"Arizona Dranes","Ray Charles"
"Art Blakey","Ray Charles"
"Ray Charles","Billy Preston"
"Ray Charles","Charlie Rich"
"Ray Charles","Joe Cocker"
"Ray Charles","Johnnie Taylor"
"Ray Charles","King Curtis"
"Ray Charles","Lloyd Price"
"Ray Charles","Luther Ingram"
"Ray Charles","Otis Redding"
"Ray Charles","Steve Winwood"
"Ray Charles","Stevie Wonder"
"Ray Charles","The Spencer Davis Group"
"Ray Charles","Tyrone Davis"
"Ray Charles","Van Morrison"
"Ray Charles","Al Green"
"Ray Charles","Barry White"
"Ray Charles","Bill Withers"
"Ray Charles","Bobby Womack"
"Ray Charles","Boz Scaggs"
"Ray Charles","Diane Schuur"
"Ray Charles","Esther Phillips"
"Ray Charles","Gene Harris"
"Ray Charles","Georgie Fame"
"Ray Charles","Howard Tate"
"Ray Charles","Ike & Tina Turner"
"Ray Charles","Johnny ""Guitar"" Watson"
"Ray Charles","Johnny Adams"
"Ray Charles","Lee Dorsey"
"Ray Charles","Leon Russell"
"Ray Charles","Luther Vandross"
"Ray Charles","Mickey Baker"
"Ray Charles","Paul Carrack"
"Ray Charles","Percy Sledge"
"Ray Charles","Rod Stewart"
"Ray Charles","Simply Red"
"Ray Charles","The Animals"
"Ray Charles","The Box Tops"
"Ray Charles","The Four Tops"
"Ray Charles","The Righteous Brothers"
"Ray Charles","Tony Joe White"
"Ray Charles","Wilson Pickett"
"Ray Charles","Ali Farka Touré"
"Ray Charles","Allen Toussaint"
"Ray Charles","Archie Bell & the Drells"
"Ray Charles","Arthur Blythe"
"Ray Charles","Ashford & Simpson"
"Ray Charles","Barrett Strong"
"Ray Charles","Clarence Carter"
"Ray Charles","Don ""Sugarcane"" Harris"
"Ray Charles","Don Covay"
"Ray Charles","Earth, Wind & Fire"
"Ray Charles","Eddie Floyd"
"Ray Charles","Eric Burdon"
"Ray Charles","Garth Hudson"
"Ray Charles","Geno Washington"
"Ray Charles","George Duke"
"Ray Charles","Jackie Wilson"
"Ray Charles","James Cleveland"
"Ray Charles","James Ingram"
"Ray Charles","Jamie Foxx"
"Ray Charles","Jim Ford"
"Ray Charles","Johnny Winter"
"Ray Charles","José Feliciano"
"Ray Charles","Manfred Mann"
"Ray Charles","Marlena Shaw"
"Ray Charles","Michael Bolton"
"Ray Charles","Michael McDonald"
"Ray Charles","Norah Jones"
"Ray Charles","O.V. Wright"
"Ray Charles","Papa Mali"
"Ray Charles","Randy Newman"
"Ray Charles","Ray LaMontagne"
"Ray Charles","Steely Dan"
"Ray Charles","The Rascals"
"Ray Charles","William Bell"
"Ray Charles","Willie Nelson"
"Ray Charles","Airto Moreira"
"Ray Charles","Amos Lee"
"Ray Charles","Anthony Hamilton"
"Ray Charles","Blood, Sweat & Tears"
"Ray Charles","Chuck Strong"
"Ray Charles","Dobie Gray"
"Ray Charles","Doug Sahm"
"Ray Charles","Dr. John"
"Ray Charles","Freddy Fender"
"Ray Charles","Kameron Marlowe"
"Ray Charles","Ran Blake"
"Ray Charles","Snooks Eaglin"
"Ray Charles","Solomon Burke"
"Ray Charles","Squeeze"
"Ray Charles","Bill Medley"
"Ray Charles","Chris Stapleton"
"Ray Charles","Christian Leave"
"Ray Charles","Darius Rucker"
"Ray Charles","Ernie K-Doe"
"Ray Charles","Frankie Ford"
"Ray Charles","Frankie Miller"
"Ray Charles","Joelle James"
"Ray Charles","Kevin Garrett"
"Ray Charles","The War and Treaty"
"Ray Charles","Yellow Days"
"Ray Charles","Young-Holt Unlimited"
"Sam Cooke","Stevie Wonder"
"Benny Benjamin","Stevie Wonder"
"Frankie Lymon","Stevie Wonder"
"Jackie Wilson","Stevie Wonder"
"Duke Ellington","Stevie Wonder"
"Johnny Ace","Stevie Wonder"
"Little Walter","Stevie Wonder"
"Toots Thielemans","Stevie Wonder"
"Bob Dylan","Stevie Wonder"
"King Curtis","Stevie Wonder"
"Stevie Wonder","Al Jarreau"
"Stevie Wonder","Alicia Keys"
"Stevie Wonder","Bill Withers"
"Stevie Wonder","Bruno Mars"
"Stevie Wonder","D'Angelo"
"Stevie Wonder","Deniece Williams"
"Stevie Wonder","Greg Phillinganes"
"Stevie Wonder","India.Arie"
"Stevie Wonder","Jamiroquai"
"Stevie Wonder","Jill Scott"
"Stevie Wonder","John Legend"
"Stevie Wonder","Jon Batiste"
"Stevie Wonder","Lauryn Hill"
"Stevie Wonder","Aaliyah"
"Stevie Wonder","Boney M."
"Stevie Wonder","Boyz II Men"
"Stevie Wonder","Commodores"
"Stevie Wonder","Donny Hathaway"
"Stevie Wonder","Erykah Badu"
"Stevie Wonder","Gerald Levert"
"Stevie Wonder","Incognito"
"Stevie Wonder","Jamie Lidell"
"Stevie Wonder","Juanes"
"Stevie Wonder","Keith Sweat"
"Stevie Wonder","Kirk Franklin"
"Stevie Wonder","Lenny Kravitz"
"Stevie Wonder","Maxwell"
"Stevie Wonder","Miguel"
"Stevie Wonder","Musiq Soulchild"
"Stevie Wonder","N.E.R.D"
"Stevie Wonder","R. Kelly"
"Stevie Wonder","Raheem DeVaughn"
"Stevie Wonder","Rahsaan Patterson"
"Stevie Wonder","Red Hot Chili Peppers"
"Stevie Wonder","Rick James"
"Stevie Wonder","Rufus"
"Stevie Wonder","Sade"
"Stevie Wonder","Seal"
"Stevie Wonder","Shuggie Otis"
"Stevie Wonder","The Brand New Heavies"
"Stevie Wonder","The Brothers Johnson"
"Stevie Wonder","Whitney Houston"
"Stevie Wonder","Zapp"
"Stevie Wonder","A Tribe Called Quest"
"Stevie Wonder","Aloe Blacc"
"Stevie Wonder","Angie Stone"
"Stevie Wonder","Anthony Hamilton"
"Stevie Wonder","Average White Band"
"Stevie Wonder","Cameo"
"Stevie Wonder","Charlie Puth"
"Stevie Wonder","Charlie Wilson"
"Stevie Wonder","Common"
"Stevie Wonder","Corinne Bailey Rae"
"Stevie Wonder","Craig David"
"Stevie Wonder","Donnie"
"Stevie Wonder","Doug E. Fresh"
"Stevie Wonder","Fishbone"
"Stevie Wonder","Gino Vannelli"
"Stevie Wonder","Gnarls Barkley"
"Stevie Wonder","Jaheim"
"Stevie Wonder","Jason Derulo"
"Stevie Wonder","Joe"
"Stevie Wonder","José James"
"Stevie Wonder","Kenny Lattimore"
"Stevie Wonder","Ledisi"
"Stevie Wonder","Leroy Burgess"
"Stevie Wonder","Living Colour"
"Stevie Wonder","Marlena Shaw"
"Stevie Wonder","Maroon 5"
"Stevie Wonder","Mint Condition"
"Stevie Wonder","P.M. Dawn"
"Stevie Wonder","Remy Shand"
"Stevie Wonder","Roger"
"Stevie Wonder","Ruben Studdard"
"Stevie Wonder","Scritti Politti"
"Stevie Wonder","Speech"
"Stevie Wonder","Taio Cruz"
"Stevie Wonder","Terence Trent D'Arby"
"Stevie Wonder","The Chainsmokers"
"Stevie Wonder","Tony! Toni! Toné!"
"Stevie Wonder","Will Smith"
"Stevie Wonder","Yesterdays New Quintet"
"Stevie Wonder","Yvonnick Prené"
"Stevie Wonder","Zap Mama"
"Stevie Wonder","De La Soul"
"Stevie Wonder","Giorgio Moroder"
"Stevie Wonder","Jermaine Jackson"
"Stevie Wonder","Justin Bieber"
"Stevie Wonder","La Toya Jackson"
"Stevie Wonder","Marsha Ambrosius"
"Stevie Wonder","Sia"
"Stevie Wonder","Smokie Norful"
"Stevie Wonder","Tamera"
"Stevie Wonder","The Hipstones"
"Stevie Wonder","Wayne Brady"
"Stevie Wonder","Ziggy Marley"
"Stevie Wonder","Anderson .Paak"
"Stevie Wonder","Angela Winbush"
"Stevie Wonder","Bohannon"
"Stevie Wonder","Bohnes"
"Stevie Wonder","Christian Leave"
"Stevie Wonder","Cyn"
"Stevie Wonder","Delicate Steve"
"Stevie Wonder","Diane Warren"
"Stevie Wonder","Dina Ögon"
"Stevie Wonder","Dinner Party"
"Stevie Wonder","Dopesick"
"Stevie Wonder","Dwele"
"Stevie Wonder","Force M.D.'s"
"Stevie Wonder","Frank Ocean"
"Stevie Wonder","Hozier"
"Stevie Wonder","Jack Garratt"
"Stevie Wonder","James Blake"
"Stevie Wonder","Jason Crosby"
"Stevie Wonder","Kevin Garrett"
"Stevie Wonder","Mark Ronson"
"Stevie Wonder","Meghan Trainor"
"Stevie Wonder","Melanie C"
"Stevie Wonder","Michael Wycoff"
"Stevie Wonder","Mitch Davis"
"Stevie Wonder","Moxie Raia"
"Stevie Wonder","Mr. Fingers"
"Stevie Wonder","Natalie La Rose"
"Stevie Wonder","Nick Grant"
"Stevie Wonder","Nick Jonas"
"Stevie Wonder","Omar"
"Stevie Wonder","Pell"
"Stevie Wonder","Prince and the Revolution"
"Stevie Wonder","Raphael Saadiq"
"Stevie Wonder","Redfoo"
"Stevie Wonder","Remo Drive"
"Stevie Wonder","René & Angela"
"Stevie Wonder","SHINee"
"Stevie Wonder","Stanaj"
"Stevie Wonder","STS9"
"Stevie Wonder","Telly Leung"
"Stevie Wonder","The Convenience"
"Stevie Wonder","Trip Lee"
"Stevie Wonder","Tryon"
"Stevie Wonder","Will Jay"
"Stevie Wonder","Zo!"
"Jeff Beck","Deep Purple"
"Jimi Hendrix","Deep Purple"
"The Kinks","Deep Purple"
"The Yardbirds","Deep Purple"
"Iron Butterfly","Deep Purple"
"Screaming Lord Sutch","Deep Purple"
"The Beatles","Deep Purple"
"Vanilla Fudge","Deep Purple"
"Small Faces","Deep Purple"
"The Animals","Deep Purple"
"The Moody Blues","Deep Purple"
"The Rolling Stones","Deep Purple"
"Them","Deep Purple"
"Joe South","Deep Purple"
"Deep Purple","Def Leppard"
"Deep Purple","Iron Maiden"
"Deep Purple","Judas Priest"
"Deep Purple","Motörhead"
"Deep Purple","Scorpions"
"Deep Purple","Thin Lizzy"
"Deep Purple","UFO"
"Deep Purple","Alice in Chains"
"Deep Purple","Blue Öyster Cult"
"Deep Purple","Bon Jovi"
"Deep Purple","Dio"
"Deep Purple","Dream Theater"
"Deep Purple","Europe"
"Deep Purple","Heart"
"Deep Purple","Helloween"
"Deep Purple","Machine Head"
"Deep Purple","Meshuggah"
"Deep Purple","Montrose"
"Deep Purple","Queen"
"Deep Purple","Quiet Riot"
"Deep Purple","Rush"
"Deep Purple","Styx"
"Deep Purple","Uriah Heep"
"Deep Purple","Van Halen"
"Deep Purple","Yngwie Malmsteen"
"Deep Purple","Accept"
"Deep Purple","Aldo Nova"
"Deep Purple","Angel"
"Deep Purple","Bad Company"
"Deep Purple","Boston"
"Deep Purple","Budgie"
"Deep Purple","Fates Warning"
"Deep Purple","Foreigner"
"Deep Purple","Great White"
"Deep Purple","Hanoi Rocks"
"Deep Purple","Journey"
"Deep Purple","King Diamond"
"Deep Purple","Krokus"
"Deep Purple","L.A. Guns"
"Deep Purple","Marillion"
"Deep Purple","Monster Magnet"
"Deep Purple","Queens of the Stone Age"
"Deep Purple","Saxon"
"Deep Purple","Stormtroopers of Death"
"Deep Purple","Venom"
"Deep Purple","W.A.S.P."
"Deep Purple","Asia"
"Deep Purple","Candlemass"
"Deep Purple","Danzig"
"Deep Purple","Kyuss"
"Deep Purple","Mercyful Fate"
"Deep Purple","Planet P Project"
"Deep Purple","Porcupine Tree"
"Deep Purple","The Charlatans"
"Deep Purple","White Zombie"
"Deep Purple","AX"
"Deep Purple","Death Angel"
"Deep Purple","Electric Swan"
"Deep Purple","Horslips"
"Deep Purple","Magnum"
"Deep Purple","Matt Berry"
"Deep Purple","Neal Morse"
"Deep Purple","Stonefield"
"Deep Purple","Testament"
"Deep Purple","Volbeat"
"Charley Patton","Robert Johnson"
"Kokomo Arnold","Robert Johnson"
"Lonnie Johnson","Robert Johnson"
"Skip James","Robert Johnson"
"Son House","Robert Johnson"
"Alberta Hunter","Robert Johnson"
"Bessie Smith","Robert Johnson"
"Charlie Poole","Robert Johnson"
"Lucille Bogan","Robert Johnson"
"Ma Rainey","Robert Johnson"
"Mamie Smith","Robert Johnson"
"Robert Johnson","Alexis Korner"
"Robert Johnson","Alvin Youngblood Hart"
"Robert Johnson","CeDell Davis"
"Robert Johnson","Corey Harris"
"Robert Johnson","David Wilcox"
"Robert Johnson","Dennis Johnson"
"Robert Johnson","Elmore James"
"Robert Johnson","Eric Clapton"
"Robert Johnson","Fantastic Negrito"
"Robert Johnson","John Hammond, Jr."
"Robert Johnson","John Lee Hooker"
"Robert Johnson","Keb' Mo'"
"Robert Johnson","Lightnin' Hopkins"
"Robert Johnson","Robert Cage"
"Robert Johnson","Ry Cooder"
"Robert Johnson","Taj Mahal"
"Bo Diddley","The Kinks"
"The Beatles","The Kinks"
"Hank Williams","The Kinks"
"Johnny Kidd & the Pirates","The Kinks"
"Little Richard","The Kinks"
"Lonnie Donegan","The Kinks"
"Slim Harpo","The Kinks"
"John Lee Hooker","The Kinks"
"Lead Belly","The Kinks"
"Al Jolson","The Kinks"
"Mantovani","The Kinks"
"The Platters","The Kinks"
"The Kinks","AC/DC"
"The Kinks","James Gang"
"The Kinks","Paul Weller"
"The Kinks","Pretenders"
"The Kinks","The Jam"
"The Kinks","The Stone Roses"
"The Kinks","Tom Petty"
"The Kinks","Van Halen"
"The Kinks","XTC"
"The Kinks","A.C. Newman"
"The Kinks","Elvis Costello"
"The Kinks","Flamin' Groovies"
"The Kinks","Great Lakes Myth Society"
"The Kinks","Joan Jett"
"The Kinks","Johnny Thunders"
"The Kinks","Kirsty MacColl"
"The Kinks","Madness"
"The Kinks","Martin Newell"
"The Kinks","Matt Suggs"
"The Kinks","Matthew Sweet"
"The Kinks","Morrissey"
"The Kinks","Ocean Colour Scene"
"The Kinks","Pixies"
"The Kinks","Squeeze"
"The Kinks","Supergrass"
"The Kinks","Syd Barrett"
"The Kinks","The La's"
"The Kinks","The Libertines"
"The Kinks","The Olivia Tremor Control"
"The Kinks","The Raspberries"
"The Kinks","The Troggs"
"The Kinks","Alex Chilton"
"The Kinks","Alice Cooper"
"The Kinks","Bees"
"The Kinks","Cast"
"The Kinks","David Johansen"
"The Kinks","Free"
"The Kinks","Fruit Bats"
"The Kinks","Holiday Ghosts"
"The Kinks","Iggy Pop"
"The Kinks","Jason Falkner"
"The Kinks","Levitation Room"
"The Kinks","Literature"
"The Kinks","Mott the Hoople"
"The Kinks","Poland"
"The Kinks","Preston School of Industry"
"The Kinks","Primitive Parts"
"The Kinks","Queen"
"The Kinks","Ro-d-y-s"
"The Kinks","Roxy Music"
"The Kinks","Split Enz"
"The Kinks","Super Ratones"
"The Kinks","Sweet"
"The Kinks","T. Rex"
"The Kinks","Tahiti 80"
"The Kinks","The 1900s"
"The Kinks","The Apples in Stereo"
"The Kinks","The Count Five"
"The Kinks","The Empty Hearts"
"The Kinks","The Kooks"
"The Kinks","The Legal Matters"
"The Kinks","The Monochrome Set"
"The Kinks","The Real People"
"The Kinks","The Remains"
"The Kinks","The Singles"
"The Kinks","The Smithereens"
"The Kinks","The Sonics"
"The Kinks","The Stooges"
"The Kinks","The Telefones"
"The Kinks","The White Stripes"
"The Kinks","The Who"
"The Kinks","World Party"
"The Kinks","Yo La Tengo"
"The Kinks","Carwyn Ellis"
"The Kinks","Estrogen Highs"
"The Kinks","Jack Logan"
"The Kinks","Kula Shaker"
"The Kinks","Lyres"
"The Kinks","Ron Sexsmith"
"The Kinks","Secret Affair"
"The Kinks","Sex Pistols"
"The Kinks","Sonic Avenues"
"The Kinks","Ted Nugent"
"The Kinks","The Auteurs"
"The Kinks","The Chameleons"
"The Kinks","The Charlatans"
"The Kinks","The dB's"
"The Kinks","The Fall"
"The Kinks","The Guess Who"
"The Kinks","The Just Joans"
"The Kinks","The Romantics"
"The Kinks","Vanilla Fudge"
"The Kinks","Whitesnake"
"The Kinks","Wounded Lion"
"The Kinks","Yoko and the Oh No's"
"The Kinks","Big Brother & the Holding Company"
"The Kinks","Ceramic Animal"
"The Kinks","Colin Hay"
"The Kinks","Fleur"
"The Kinks","Gorky's Zygotic Mynci"
"The Kinks","Ian Hunter"
"The Kinks","The Rails"
"Bob Dylan","Television"
"John Coltrane","Television"
"Neil Young","Television"
"Roky Erickson","Television"
"Albert Ayler","Television"
"Jimi Hendrix","Television"
"Lou Reed","Television"
"New York Dolls","Television"
"Quicksilver Messenger Service","Television"
"The 13th Floor Elevators","Television"
"Television","Colin Newman"
"Television","Dan Luke and the Raid"
"Television","Geese"
"Television","Giant Sand"
"Television","Interpol"
"Television","Lloyd Cole"
"Television","Mercury Rev"
"Television","Pavement"
"Television","R.E.M."
"Television","Radio 4"
"Television","Silkworm"
"Television","Steve Packenham"
"Television","The Rogers Sisters"
"Television","The Strokes"
"Television","Thin White Rope"
"Television","True West"
"Television","Vic Godard"
"Television","Yeah Yeah Yeahs"
"Television","Yo La Tengo"
"Jimi Hendrix","Patti Smith"
"The Stooges","Patti Smith"
"Allen Ginsberg","Patti Smith"
"Jack Kerouac","Patti Smith"
"James Brown","Patti Smith"
"New York Dolls","Patti Smith"
"The Doors","Patti Smith"
"William S. Burroughs","Patti Smith"
"Patti Smith","Florence + the Machine"
"Patti Smith","Natalie Prass"
"Patti Smith","She Keeps Bees"
"Patti Smith","Alex Maxwell"
"Patti Smith","Babes in Toyland"
"Patti Smith","Bikini Kill"
"Patti Smith","Casey Scott"
"Patti Smith","Cat Power"
"Patti Smith","Colin Newman"
"Patti Smith","Exene Cervenka"
"Patti Smith","Foxes"
"Patti Smith","Helium"
"Patti Smith","Hole"
"Patti Smith","Kathy Acker"
"Patti Smith","Kita Alexander"
"Patti Smith","L7"
"Patti Smith","Linda Perry"
"Patti Smith","Liz Phair"
"Patti Smith","Maggie Estep"
"Patti Smith","Marina and the Diamonds"
"Patti Smith","Pat Benatar"
"Patti Smith","PJ Harvey"
"Patti Smith","Pretenders"
"Patti Smith","Sleater-Kinney"
"David Bowie","Sex Pistols"
"Faces","Sex Pistols"
"Mott the Hoople","Sex Pistols"
"New York Dolls","Sex Pistols"
"The Deviants","Sex Pistols"
"The Stooges","Sex Pistols"
"Alice Cooper","Sex Pistols"
"Hawkwind","Sex Pistols"
"Marc Bolan","Sex Pistols"
"MC5","Sex Pistols"
"Slade","Sex Pistols"
"T. Rex","Sex Pistols"
"The Fugs","Sex Pistols"
"The Modern Lovers","Sex Pistols"
"The Who","Sex Pistols"
"Dr. Feelgood","Sex Pistols"
"Edgar Broughton Band","Sex Pistols"
"The Pink Fairies","Sex Pistols"
"Sex Pistols","Alternative TV"
"Sex Pistols","Anti-Nowhere League"
"Sex Pistols","Bad Brains"
"Sex Pistols","Black Flag"
"Sex Pistols","Buzzcocks"
"Sex Pistols","Circle Jerks"
"Sex Pistols","Dead Kennedys"
"Sex Pistols","Generation X"
"Sex Pistols","Germs"
"Sex Pistols","Green Day"
"Sex Pistols","Guns N' Roses"
"Sex Pistols","Manic Street Preachers"
"Sex Pistols","Public Image Ltd."
"Sex Pistols","Sham 69"
"Sex Pistols","Siouxsie and the Banshees"
"Sex Pistols","The Adverts"
"Sex Pistols","The Exploited"
"Sex Pistols","The Raincoats"
"Sex Pistols","The Stranglers"
"Sex Pistols","U.K. Subs"
"Sex Pistols","999"
"Sex Pistols","Adolescents"
"Sex Pistols","All"
"Sex Pistols","Big Black"
"Sex Pistols","Billy Idol"
"Sex Pistols","Bow Wow Wow"
"Sex Pistols","Cockney Rejects"
"Sex Pistols","Crass"
"Sex Pistols","Delta 5"
"Sex Pistols","Down by Law"
"Sex Pistols","Flipper"
"Sex Pistols","G.B.H."
"Sex Pistols","G.G. Allin"
"Sex Pistols","Gang of Four"
"Sex Pistols","Magazine"
"Sex Pistols","Megadeth"
"Sex Pistols","Melvins"
"Sex Pistols","Métal Urbain"
"Sex Pistols","Misfits"
"Sex Pistols","Overkill"
"Sex Pistols","Penetration"
"Sex Pistols","Rancid"
"Sex Pistols","Redd Kross"
"Sex Pistols","Ruts D.C."
"Sex Pistols","Slayer"
"Sex Pistols","Sleater-Kinney"
"Sex Pistols","Social Distortion"
"Sex Pistols","Stiff Little Fingers"
"Sex Pistols","Swell Maps"
"Sex Pistols","Television Personalities"
"Sex Pistols","The Birthday Party"
"Sex Pistols","The Pogues"
"Sex Pistols","The Rezillos"
"Sex Pistols","The Slits"
"Sex Pistols","The Soft Boys"
"Sex Pistols","The Undertones"
"Sex Pistols","The Weirdos"
"Sex Pistols","X"
"Sex Pistols","X-Ray Spex"
"Sex Pistols","Adam and the Ants"
"Sex Pistols","Adam Ant"
"Sex Pistols","Angelic Upstarts"
"Sex Pistols","Anti-Flag"
"Sex Pistols","Ash"
"Sex Pistols","B.A.L.L."
"Sex Pistols","D.O.A."
"Sex Pistols","Faith No More"
"Sex Pistols","Faster Pussycat"
"Sex Pistols","Hanoi Rocks"
"Sex Pistols","Hole"
"Sex Pistols","Hüsker Dü"
"Sex Pistols","Iron Maiden"
"Sex Pistols","MDC"
"Sex Pistols","Meat Puppets"
"Sex Pistols","Minor Threat"
"Sex Pistols","Minutemen"
"Sex Pistols","Mötley Crüe"
"Sex Pistols","Motörhead"
"Sex Pistols","New Model Army"
"Sex Pistols","Nihilistics"
"Sex Pistols","Peter & the Test Tube Babies"
"Sex Pistols","Scritti Politti"
"Sex Pistols","Sex Gang Children"
"Sex Pistols","Stormtroopers of Death"
"Sex Pistols","Subhumans"
"Sex Pistols","Tenpole Tudor"
"Sex Pistols","The Bollock Brothers"
"Sex Pistols","The Cure"
"Sex Pistols","The Damned"
"Sex Pistols","The Dickies"
"Sex Pistols","The Hives"
"Sex Pistols","The Jam"
"Sex Pistols","The Libertines"
"Sex Pistols","The Offspring"
"Sex Pistols","The Stone Roses"
"Sex Pistols","The Vandals"
"Sex Pistols","The Vibrators"
"Sex Pistols","Thee Headcoats"
"Sex Pistols","Venom"
"Sex Pistols","Wire"
"Sex Pistols","Alice in Chains"
"Sex Pistols","Anthrax"
"Sex Pistols","Art Brut"
"Sex Pistols","INXS"
"Sex Pistols","Skid Row"
"Sex Pistols","The Lords of the New Church"
"Sex Pistols","The Mekons"
"Sex Pistols","The Only Ones"
"Sex Pistols","Towers of London"
"Sex Pistols","Youth Brigade"
"Sex Pistols","Die Toten Hosen"
"Sex Pistols","Eliot Sumner"
"Sex Pistols","Jez Dior"
"Sex Pistols","Rob Zombie"
"Sex Pistols","Sleaford Mods"
"Brian Eno","Bauhaus"
"Roxy Music","Bauhaus"
"T. Rex","Bauhaus"
"John Cale","Bauhaus"
"King Tubby","Bauhaus"
"Lee ""Scratch"" Perry","Bauhaus"
"Marc Bolan","Bauhaus"
"Nico","Bauhaus"
"Sex Pistols","Bauhaus"
"The Doors","Bauhaus"
"Bauhaus","Alien Sex Fiend"
"Bauhaus","Blade Fetish"
"Bauhaus","Christian Death"
"Bauhaus","Dalis Car"
"Bauhaus","Dead Can Dance"
"Bauhaus","Death Valley High"
"Bauhaus","Demon Head"
"Bauhaus","Eagulls"
"Bauhaus","Electric Hellfire Club"
"Bauhaus","Eleven Shadows"
"Bauhaus","Faith & the Muse"
"Bauhaus","I Am Ghost"
"Bauhaus","Ikon"
"Bauhaus","She Wants Revenge"
"Bauhaus","Shriekback"
"Bauhaus","Soror Dolorosa"
"Bauhaus","The Sisters of Mercy"
"Bauhaus","The Soft Moon"
"Bauhaus","This Ascension"
"Bauhaus","Two Witches"
"Bauhaus","Type O Negative"
"Bauhaus","Wreckage"
"Bauhaus","Xmal Deutschland"
"Bauhaus","Youth Code"
"Joy Division","The Cure"
"Siouxsie and the Banshees","The Cure"
"Roxy Music","The Cure"
"Television","The Cure"
"Brian Eno","The Cure"
"Buzzcocks","The Cure"
"Can","The Cure"
"Magazine","The Cure"
"The Kinks","The Cure"
"Ultravox","The Cure"
"Billie Holiday","The Cure"
"Jimi Hendrix","The Cure"
"Led Zeppelin","The Cure"
"The Beatles","The Cure"
"The Clash","The Cure"
"The Cure","Cranes"
"The Cure","Shelleyan Orphan"
"The Cure","The Jesus and Mary Chain"
"The Cure","Clan of Xymox"
"The Cure","Flesh for Lulu"
"The Cure","Jane's Addiction"
"The Cure","Klee"
"The Cure","Nine Inch Nails"
"The Cure","Orange Yellow Red"
"The Cure","The House of Love"
"The Cure","The Killers"
"The Cure","The Mission"
"The Cure","This Mortal Coil"
"The Cure","Arab Strap"
"The Cure","Bloc Party"
"The Cure","Broken Social Scene"
"The Cure","Curve"
"The Cure","Daniel Blumberg"
"The Cure","Explosions in the Sky"
"The Cure","Godspeed You! Black Emperor"
"The Cure","Good Charlotte"
"The Cure","Interpol"
"The Cure","Lush"
"The Cure","Mogwai"
"The Cure","My Chemical Romance"
"The Cure","Placebo"
"The Cure","Tears for Fears"
"The Cure","The Libertines"
"The Cure","The Rapture"
"The Cure","The Sugarcubes"
"The Cure","A Perfect Circle"
"The Cure","AVALON"
"The Cure","David Keuning"
"The Cure","Deftones"
"The Cure","Dinosaur Jr."
"The Cure","Friendly Fires"
"The Cure","Halsey"
"The Cure","Hot Hot Heat"
"The Cure","Lathe of Heaven"
"The Cure","Love Spirals Downwards"
"The Cure","Low"
"The Cure","Massage"
"The Cure","Neon Trees"
"The Cure","Nilüfer Yanya"
"The Cure","OneRepublic"
"The Cure","Paramore"
"The Cure","Sigur Rós"
"The Cure","The Shins"
"The Cure","The Smashing Pumpkins"
"The Cure","The xx"
"The Cure","Youth Valley"
"The Cure","Amy Allen"
"The Cure","Art d'Ecco"
"The Cure","Bad Suns"
"The Cure","Ballet School"
"The Cure","Bastille"
"The Cure","Beach Baby"
"The Cure","Boys Don't Cry"
"The Cure","Chino Moreno"
"The Cure","City Calm Down"
"The Cure","Cold Cave"
"The Cure","Corey Taylor"
"The Cure","D.A.R.K."
"The Cure","Dopesick"
"The Cure","Eagulls"
"The Cure","Frankie Rose"
"The Cure","GosT"
"The Cure","High Sunn"
"The Cure","Kings of Convenience"
"The Cure","Luvcat"
"The Cure","Mainland"
"The Cure","Motionless in White"
"The Cure","Odonis Odonis"
"The Cure","Pale Blue Eyes"
"The Cure","Pale Waves"
"The Cure","Phebe Starr"
"The Cure","Simple Creatures"
"The Cure","Syvia"
"The Cure","T.O.L.D."
"The Cure","The Capsules"
"The Cure","The Dandy Warhols"
"The Cure","The History of Colour TV"
"The Cure","Whispering Sons"
"The Cure","Zzzahara"
"The Cure","††† (Crosses)"
"Iggy Pop","Siouxsie and the Banshees"
"The Doors","Siouxsie and the Banshees"
"The Stooges","Siouxsie and the Banshees"
"Bob Dylan","Siouxsie and the Banshees"
"Patti Smith","Siouxsie and the Banshees"
"Roxy Music","Siouxsie and the Banshees"
"Scott Walker","Siouxsie and the Banshees"
"Sparks","Siouxsie and the Banshees"
"Television","Siouxsie and the Banshees"
"The Beatles","Siouxsie and the Banshees"
"Siouxsie and the Banshees","Charli xcx"
"Siouxsie and the Banshees","Florence + the Machine"
"Siouxsie and the Banshees","Bif Naked"
"Siouxsie and the Banshees","Black Box Recorder"
"Siouxsie and the Banshees","Black Tape for a Blue Girl"
"Siouxsie and the Banshees","Bono"
"Siouxsie and the Banshees","Concrete Blonde"
"Siouxsie and the Banshees","Cult of Youth"
"Siouxsie and the Banshees","Curve"
"Siouxsie and the Banshees","David J"
"Siouxsie and the Banshees","Death Valley High"
"Siouxsie and the Banshees","Deep Sea Diver"
"Siouxsie and the Banshees","FKA twigs"
"Siouxsie and the Banshees","Garbage"
"Siouxsie and the Banshees","Ghlow"
"Siouxsie and the Banshees","Mazzy Star"
"Siouxsie and the Banshees","Ministry"
"Siouxsie and the Banshees","Nick Cave"
"Siouxsie and the Banshees","Pale Waves"
"Siouxsie and the Banshees","Snakefarm"
"Siouxsie and the Banshees","Strawberry Switchblade"
"Siouxsie and the Banshees","Sweeping Promises"
"Siouxsie and the Banshees","The Last Dinner Party"
"Siouxsie and the Banshees","The Sisters of Mercy"
"Siouxsie and the Banshees","Warpaint"
"Siouxsie and the Banshees","X"
"Dick Dale","Pixies"
"Hüsker Dü","Pixies"
"Iggy Pop","Pixies"
"Pere Ubu","Pixies"
"Angst","Pixies"
"Mission of Burma","Pixies"
"Pretenders","Pixies"
"Richard Hell","Pixies"
"The Beach Boys","Pixies"
"The Cars","Pixies"
"Volcano Suns","Pixies"
"Pylon","Pixies"
"The Gun Club","Pixies"
"Violent Femmes","Pixies"
"Wire","Pixies"
"Marc Bolan","Pixies"
"Minutemen","Pixies"
"Sex Pistols","Pixies"
"The Stooges","Pixies"
"The Who","Pixies"
"X","Pixies"
"Pixies","Ben Folds Five"
"Pixies","Brainiac"
"Pixies","Everclear"
"Pixies","Nirvana"
"Pixies","The Presidents of the United States of America"
"Pixies","The Shins"
"Pixies","Belly"
"Pixies","Better Than Ezra"
"Pixies","Broken Social Scene"
"Pixies","Elastica"
"Pixies","Hum"
"Pixies","Nada Surf"
"Pixies","OK Go"
"Pixies","PJ Harvey"
"Pixies","Poster Children"
"Pixies","Sebadoh"
"Pixies","Sparklehorse"
"Pixies","The Dandy Warhols"
"Pixies","The Dismemberment Plan"
"Pixies","The Hold Steady"
"Pixies","Veruca Salt"
"Pixies","Ash"
"Pixies","Bloc Party"
"Pixies","Blur"
"Pixies","Come"
"Pixies","Good Charlotte"
"Pixies","Helium"
"Pixies","Motion City Soundtrack"
"Pixies","Pavement"
"Pixies","Rocket from the Crypt"
"Pixies","Spoon"
"Pixies","The Get Up Kids"
"Pixies","The Swirlies"
"Pixies","TV on the Radio"
"Pixies","U.S. Maple"
"Pixies","Arcade Fire"
"Pixies","Cage the Elephant"
"Pixies","Chemtrails"
"Pixies","CKY"
"Pixies","Cold War Kids"
"Pixies","Eve's Plum"
"Pixies","Grandaddy"
"Pixies","Les Savy Fav"
"Pixies","Mr. Dream"
"Pixies","Nilüfer Yanya"
"Pixies","Railroad Jerk"
"Pixies","Screaming Females"
"Pixies","Seam"
"Pixies","Tapes 'n Tapes"
"Pixies","The Verve Pipe"
"Pixies","The Wannadies"
"Pixies","The Wrens"
"Pixies","Toadies"
"Pixies","VERO"
"Pixies","Violent Soho"
"Pixies","Bachelor"
"Pixies","Bombay Bicycle Club"
"Pixies","Bully"
"Pixies","Crywolf"
"Pixies","Empires"
"Pixies","Furious Monkey House"
"Pixies","Jack White"
"Pixies","Japandroids"
"Pixies","Justus Proffit"
"Pixies","Landlady"
"Pixies","Man with a Mission"
"Pixies","Milk Teeth"
"Pixies","MOLICE"
"Pixies","Mozes and the Firstborn"
"Pixies","Odonis Odonis"
"Pixies","Penelope Isles"
"Pixies","Pretty Sick"
"Pixies","Punchbag"
"Pixies","Roll the Tanks"
"Pixies","Sioux Falls"
"Pixies","Slothrust"
"Pixies","The Dead Ships"
"Pixies","The Obsessives"
"Pixies","Titanic Sinclair"
"Pixies","Vundabar"
"Pixies","White Town"
"Pixies","Witch Post"
"Pixies","WIVES"
"R.E.M.","Pavement"
"The Fall","Pavement"
"Cheap Trick","Pavement"
"J Mascis","Pavement"
"Meat Puppets","Pavement"
"Thurston Moore","Pavement"
"Can","Pavement"
"Captain Beefheart","Pavement"
"Dinosaur Jr.","Pavement"
"Faust","Pavement"
"Guru Guru","Pavement"
"Half Japanese","Pavement"
"Pere Ubu","Pavement"
"Slint","Pavement"
"Superchunk","Pavement"
"Swell Maps","Pavement"
"The Clean","Pavement"
"The Feelies","Pavement"
"The Velvet Underground","Pavement"
"Wire","Pavement"
"Yo La Tengo","Pavement"
"Bob Dylan","Pavement"
"Cardiacs","Pavement"
"Royal Trux","Pavement"
"Sebadoh","Pavement"
"The Pastels","Pavement"
"Pavement","Built to Spill"
"Pavement","Modest Mouse"
"Pavement","Mogwai"
"Pavement","Neutral Milk Hotel"
"Pavement","Spoon"
"Pavement","Band of Horses"
"Pavement","Ben Kweller"
"Pavement","Grooms"
"Pavement","Jonathan Fire*Eater"
"Pavement","Nerf Herder"
"Pavement","No Age"
"Pavement","Push Kings"
"Pavement","Sparklehorse"
"Pavement","The Beta Band"
"Pavement","The Dismemberment Plan"
"Pavement","The Walkmen"
"Pavement","Times New Viking"
"Pavement","Versus"
"Pavement","Archers of Loaf"
"Pavement","Butterglory"
"Pavement","Clinic"
"Pavement","Dr. Dog"
"Pavement","Gomez"
"Pavement","Grandaddy"
"Pavement","Joan of Arc"
"Pavement","Les Savy Fav"
"Pavement","PACKS"
"Pavement","Papur Wal"
"Pavement","Radar Bros."
"Pavement","Sammy"
"Pavement","Snow Patrol"
"Pavement","Strapping Fieldhands"
"Pavement","The Shins"
"Pavement","Trumans Water"
"Pavement","Disco Doom"
"Pavement","Fight Like Apes"
"Pavement","Fluf"
"Pavement","Free Energy"
"Pavement","Happyness"
"Pavement","Horsegirl"
"Pavement","Hovvdy"
"Pavement","Oxford Collapse"
"Pavement","The Inbreds"
"Pavement","Casper Skulls"
"Pavement","Clearance"
"Pavement","Darren Hayman"
"Pavement","Donovan Wolfington"
"Pavement","Golden Gurls"
"Pavement","Mozes and the Firstborn"
"Pavement","No Buses"
"Pavement","Penelope Isles"
"Pavement","Preoccupations"
"Pavement","Quasi"
"Pavement","Seazoo"
"Pavement","Sparky Deathcap"
"Pavement","The Gotobeds"
"Pavement","Viet Cong"
"Pavement","Zuzu"
"Brigitte Fontaine","Björk"
"Kate Bush","Björk"
"Nina Hagen","Björk"
"Zeena Parkins","Björk"
"Diamanda Galás","Björk"
"Lene Lovich","Björk"
"Meredith Monk","Björk"
"Peter Gabriel","Björk"
"Siouxsie and the Banshees","Björk"
"The Slits","Björk"
"Cocteau Twins","Björk"
"Current 93","Björk"
"Dead Can Dance","Björk"
"Eurythmics","Björk"
"Massive Attack","Björk"
"808 State","Björk"
"Joni Mitchell","Björk"
"Kraftwerk","Björk"
"New Order","Björk"
"Saint Etienne","Björk"
"The Orb","Björk"
"Underworld","Björk"
"Björk","Bat for Lashes"
"Björk","CocoRosie"
"Björk","Joanna Newsom"
"Björk","Múm"
"Björk","Sia"
"Björk","Sigur Rós"
"Björk","Ane Brun"
"Björk","Animal Collective"
"Björk","Brazilian Girls"
"Björk","Fever Ray"
"Björk","Goldfrapp"
"Björk","Juana Molina"
"Björk","Regina Spektor"
"Björk","Solex"
"Björk","Anjali"
"Björk","Blonde Redhead"
"Björk","Buffalo Daughter"
"Björk","Charli xcx"
"Björk","Emilee"
"Björk","Faun Fables"
"Björk","Glasser"
"Björk","GusGus"
"Björk","Hanne Hukkelberg"
"Björk","Imogen Heap"
"Björk","Jem"
"Björk","Julia Holter"
"Björk","Komeda"
"Björk","Ladytron"
"Björk","Matmos"
"Björk","Mia Doi Todd"
"Björk","Micachu & the Shapes"
"Björk","Mono"
"Björk","Morcheeba"
"Björk","The Knife"
"Björk","The Ting Tings"
"Björk","Yael Naïm"
"Björk","AVALON"
"Björk","Cornelius"
"Björk","Denali"
"Björk","Elisa"
"Björk","Evanescence"
"Björk","Guillemots"
"Björk","Josh Groban"
"Björk","Lamb"
"Björk","Meresha"
"Björk","MUTEMATH"
"Björk","Nedry"
"Björk","Ratatat"
"Björk","Silje Nes"
"Björk","Twin Sister"
"Björk","Amy Lee"
"Björk","Breton"
"Björk","Dawn Richard"
"Björk","DeathbyRomy"
"Björk","Eliot Sumner"
"Björk","Ellie Goulding"
"Björk","Elohim"
"Björk","FKA twigs"
"Björk","Flying Lotus"
"Björk","Foxes"
"Björk","Gazelle Twin"
"Björk","Harrys Gym"
"Björk","Health&Beauty"
"Björk","Låpsley"
"Björk","Laura J. Martin"
"Björk","Maya B"
"Björk","Maylee Todd"
"Björk","Modern Woman"
"Björk","Nelly Furtado"
"Björk","Phebe Starr"
"Björk","Rituals of Mine"
"Björk","Simian Ghost"
"Björk","Sivu"
"Björk","Sleeping at Last"
"Björk","Sol Seppy"
"Björk","Susanna"
"Björk","SX"
"Björk","Syvia"
"Björk","Trevor James Tillery"
"Björk","White Prism"
"Cornelius Cardew","Brian Eno"
"Raymond Scott","Brian Eno"
"Silver Apples","Brian Eno"
"Soft Machine","Brian Eno"
"Fela Kuti","Brian Eno"
"Jan Garbarek","Brian Eno"
"Jimi Hendrix","Brian Eno"
"John Cage","Brian Eno"
"Buddy Holly","Brian Eno"
"Karlheinz Stockhausen","Brian Eno"
"Steve Reich","Brian Eno"
"Terry Riley","Brian Eno"
"LaMonte Young","Brian Eno"
"Max Corbacho","Brian Eno"
"Moon Diagrams","Brian Eno"
"Shep & the Limelites","Brian Eno"
"The Beatles","Brian Eno"
"The Tokens","Brian Eno"
"Brian Eno","Aphex Twin"
"Brian Eno","Arthur Russell"
"Brian Eno","Cabaret Voltaire"
"Brian Eno","Cocteau Twins"
"Brian Eno","Daniel Lanois"
"Brian Eno","East India Youth"
"Brian Eno","Hal Willner"
"Brian Eno","Japan"
"Brian Eno","Laurie Anderson"
"Brian Eno","Steve Roach"
"Brian Eno","Talk Talk"
"Brian Eno","Arto Lindsay"
"Brian Eno","Boards of Canada"
"Brian Eno","Burger/Ink"
"Brian Eno","Dead Can Dance"
"Brian Eno","Devo"
"Brian Eno","Evan Lurie"
"Brian Eno","Gas"
"Brian Eno","John Foxx"
"Brian Eno","Kate Bush"
"Brian Eno","Magazine"
"Brian Eno","The Black Dog"
"Brian Eno","The Orb"
"Brian Eno","Autechre"
"Brian Eno","Bark Psychosis"
"Brian Eno","Biosphere"
"Brian Eno","Carl Craig"
"Brian Eno","Chris & Cosey"
"Brian Eno","Deep Forest"
"Brian Eno","Enya"
"Brian Eno","Fashion Club"
"Brian Eno","Flying Lotus"
"Brian Eno","Gidge"
"Brian Eno","His Name Is Alive"
"Brian Eno","James Chance & The Contortions"
"Brian Eno","Jeff Greinke"
"Brian Eno","Jóhann Jóhannsson"
"Brian Eno","Labradford"
"Brian Eno","Michael Brook"
"Brian Eno","Orchestral Manoeuvres in the Dark"
"Brian Eno","Oval"
"Brian Eno","Pere Ubu"
"Brian Eno","Pole"
"Brian Eno","Public Image Ltd."
"Brian Eno","Seefeel"
"Brian Eno","Spacemen 3"
"Brian Eno","The Art of Noise"
"Brian Eno","The Associates"
"Brian Eno","The Ecstasy of Saint Theresa"
"Brian Eno","The Feelies"
"Brian Eno","The Human League"
"Brian Eno","Thomas Dolby"
"Brian Eno","Tortoise"
"Brian Eno","Underworld"
"Brian Eno","William Doyle"
"Brian Eno","Wire"
"Brian Eno","Yello"
"Brian Eno","Young Marble Giants"
"Brian Eno","808 State"
"Brian Eno","A Flock of Seagulls"
"Brian Eno","Amp"
"Brian Eno","Clinton Hensley"
"Brian Eno","David Holmes"
"Brian Eno","Glide"
"Brian Eno","Groove Armada"
"Brian Eno","M/A/R/R/S"
"Brian Eno","M83"
"Brian Eno","Mouse on Mars"
"Brian Eno","Robert Rich"
"Brian Eno","Slowdive"
"Brian Eno","Stars of the Lid"
"Brian Eno","Steven Halpern"
"Brian Eno","Tangled Shoelaces"
"Brian Eno","The Azusa Plane"
"Brian Eno","Ultravox"
"Brian Eno","Wolfgang Voigt"
"Brian Eno","A Certain Ratio"
"Brian Eno","A Winged Victory for the Sullen"
"Brian Eno","Ben Frost"
"Brian Eno","Chet Faker"
"Brian Eno","Chino Moreno"
"Brian Eno","Cliff Martinez"
"Brian Eno","Damaged Bug"
"Brian Eno","Dean Hurley"
"Brian Eno","Delerium"
"Brian Eno","Dustin Wong"
"Brian Eno","Gary Numan"
"Brian Eno","GoGo Penguin"
"Brian Eno","Jack Name"
"Brian Eno","Mark Renner"
"Brian Eno","Matt Berry"
"Brian Eno","My Bloody Valentine"
"Brian Eno","Nathan Kawanishi"
"Brian Eno","Onuinu"
"Brian Eno","Orcas"
"Brian Eno","Patrick Cowley"
"Brian Eno","Patrick O'Hearn"
"Brian Eno","Port Blue"
"Brian Eno","Rostam"
"Brian Eno","Ryuichi Sakamoto"
"Brian Eno","STRFKR"
"Brian Eno","Takako Minekawa"
"Brian Eno","Teen Daze"
"Brian Eno","Toyah"
"Brian Eno","Yellow Magic Orchestra"
"Brian Eno","Yves Jarvis"
"Charlie Christian","B.B. King"
"Django Reinhardt","B.B. King"
"Lonnie Johnson","B.B. King"
"T-Bone Walker","B.B. King"
"Blind Lemon Jefferson","B.B. King"
"Bukka White","B.B. King"
"Elmore James","B.B. King"
"Louis Jordan","B.B. King"
"Lowell Fulson","B.B. King"
"Muddy Waters","B.B. King"
"Robert Johnson","B.B. King"
"Sonny Boy Williamson II","B.B. King"
"Johnny Hodges","B.B. King"
"Lester Young","B.B. King"
"The Fairfield Four","B.B. King"
"W.C. Handy","B.B. King"
"B.B. King","Bonnie Raitt"
"B.B. King","Buddy Guy"
"B.B. King","Eddy Clearwater"
"B.B. King","Eric Clapton"
"B.B. King","Freddie King"
"B.B. King","Guitar Shorty"
"B.B. King","Jeff Beck"
"B.B. King","Jeff Healey"
"B.B. King","Little Milton"
"B.B. King","Luther Allison"
"B.B. King","Michael Bloomfield"
"B.B. King","Otis Rush"
"B.B. King","Robert Cray"
"B.B. King","Tinsley Ellis"
"B.B. King","Z.Z. Hill"
"B.B. King","Buster Benton"
"B.B. King","Chris Thomas"
"B.B. King","Clarence Spady"
"B.B. King","Don ""Sugarcane"" Harris"
"B.B. King","Eddie Kirkland"
"B.B. King","George Bedard"
"B.B. King","Jimmie Vaughan"
"B.B. King","Jimmy Page"
"B.B. King","Joe Louis Walker"
"B.B. King","John Scofield"
"B.B. King","Koko Taylor"
"B.B. King","Marvin ""Hannibal"" Peterson"
"B.B. King","Omar & the Howlers"
"B.B. King","Smokin' Joe Kubek"
"B.B. King","Son Seals"
"B.B. King","Stevie Ray Vaughan"
"B.B. King","Susan Tedeschi"
"B.B. King","The Fabulous Thunderbirds"
"B.B. King","The Kinsey Report"
"B.B. King","The Nighthawks"
"B.B. King","Vaughan Brothers"
"B.B. King","Walter ""Wolfman"" Washington"
"B.B. King","ZZ Top"
"B.B. King","Big Jack Johnson"
"B.B. King","Bill Perry"
"B.B. King","Canned Heat"
"B.B. King","Delbert McClinton"
"B.B. King","Diane Schuur"
"B.B. King","Downchild Blues Band"
"B.B. King","Duke Robillard"
"B.B. King","Elvin Bishop"
"B.B. King","Eric Gales"
"B.B. King","Flaco Jiménez"
"B.B. King","J.J. Cale"
"B.B. King","Joe Bonamassa"
"B.B. King","Joe Walsh"
"B.B. King","Johnny ""Big Moose"" Walker"
"B.B. King","Lazer Lloyd"
"B.B. King","Long John Hunter"
"B.B. King","O.V. Wright"
"B.B. King","Ole Frimer"
"B.B. King","Roy Buchanan"
"B.B. King","Savoy Brown"
"B.B. King","Shuggie Otis"
"B.B. King","The Holmes Brothers"
"B.B. King","The Vivino Brothers"
"B.B. King","The Yardbirds"
"B.B. King","Charlie Rich"
"B.B. King","Free"
"B.B. King","John Lee Hooker, Jr."
"B.B. King","Seal"
"B.B. King","Christone ""Kingfish"" Ingram"
"B.B. King","Ernie K-Doe"
"B.B. King","The Jimi Hendrix Experience"
"B.B. King","Warren Haynes"
"Can","Wire"
"David Bowie","Wire"
"Roxy Music","Wire"
"Virgin Prunes","Wire"
"Kevin Ayers","Wire"
"Neu!","Wire"
"The Adverts","Wire"
"Faust","Wire"
"Gong","Wire"
"Hawkwind","Wire"
"The Beatles","Wire"
"The Velvet Underground","Wire"
"Dasher","Wire"
"Van der Graaf Generator","Wire"
"Wire","Hüsker Dü"
"Wire","Minor Threat"
"Wire","Unschooling"
"Wire","Bark Psychosis"
"Wire","Big Black"
"Wire","Elastica"
"Wire","Fugazi"
"Wire","Guided by Voices"
"Wire","Mission of Burma"
"Wire","Pigbag"
"Wire","R.E.M."
"Wire","Section 25"
"Wire","Spoon"
"Wire","Swans"
"Wire","The Mekons"
"Wire","The Psychedelic Furs"
"Wire","Art Brut"
"Wire","Bad Religion"
"Wire","Bloc Party"
"Wire","Clinic"
"Wire","DAF"
"Wire","Dinosaur Jr."
"Wire","Eyeless in Gaza"
"Wire","Fashion Club"
"Wire","fIREHOSE"
"Wire","Garbage"
"Wire","Gavin Friday"
"Wire","Guardian Singles"
"Wire","Holograms"
"Wire","Low"
"Wire","Maxïmo Park"
"Wire","Modern English"
"Wire","Mogwai"
"Wire","My Bloody Valentine"
"Wire","Nitzer Ebb"
"Wire","Sebadoh"
"Wire","The Breeders"
"Wire","The Durutti Column"
"Wire","The Feelies"
"Wire","The Monochrome Set"
"Wire","The Teardrop Explodes"
"Wire","Unrest"
"Wire","Yeah Yeah Yeahs"
"Wire","A.C. Marias"
"Wire","Band of Susans"
"Wire","Franz Ferdinand"
"Wire","Girls Against Boys"
"Wire","God Is My Co-Pilot"
"Wire","Jawbox"
"Wire","Les Savy Fav"
"Wire","Menswear"
"Wire","Naked Raygun"
"Wire","Slint"
"Wire","The Clientele"
"Wire","The Futureheads"
"Wire","This Mortal Coil"
"Wire","Tropic of Cancer"
"Wire","Wipers"
"Wire","A Certain Ratio"
"Wire","B Boys"
"Wire","Delivery"
"Wire","Dry Cleaning"
"Wire","Fake Fruit"
"Wire","Finitribe"
"Wire","Flat Worms"
"Wire","Rema-Rema"
"Wire","Shame"
"Wire","Sivert Høyem"
"Wire","Synthetic ID"
"Wire","The Gotobeds"
"Wire","The Homesick"
"Black Flag","Dinosaur Jr."
"Hüsker Dü","Dinosaur Jr."
"Meat Puppets","Dinosaur Jr."
"Minutemen","Dinosaur Jr."
"Led Zeppelin","Dinosaur Jr."
"Mission of Burma","Dinosaur Jr."
"The Clash","Dinosaur Jr."
"Crazy Horse","Dinosaur Jr."
"Deep Purple","Dinosaur Jr."
"Richard Thompson","Dinosaur Jr."
"The Byrds","Dinosaur Jr."
"The Psychedelic Furs","Dinosaur Jr."
"Wipers","Dinosaur Jr."
"Kiss","Dinosaur Jr."
"Sham 69","Dinosaur Jr."
"Dinosaur Jr.","Ovens"
"Dinosaur Jr.","TV on the Radio"
"Dinosaur Jr.","Built to Spill"
"Dinosaur Jr.","Pinback"
"Dinosaur Jr.","Rat Columns"
"Dinosaur Jr.","The Breeders"
"Dinosaur Jr.","Hot Hot Heat"
"Dinosaur Jr.","Modest Mouse"
"Dinosaur Jr.","Sea Power"
"Dinosaur Jr.","California X"
"Dinosaur Jr.","Crumb"
"Dinosaur Jr.","Donovan Wolfington"
"Dinosaur Jr.","Golden Gurls"
"Dinosaur Jr.","Happy Diving"
"Dinosaur Jr.","Island of Love"
"Dinosaur Jr.","Japandroids"
"Dinosaur Jr.","Man with a Mission"
"Dinosaur Jr.","Matt Sweeney"
"Dinosaur Jr.","Milk Teeth"
"Dinosaur Jr.","Moose"
"Dinosaur Jr.","Overlake"
"Dinosaur Jr.","Porcupine"
"Dinosaur Jr.","Screaming Females"
"Dinosaur Jr.","Superdrag"
"Dinosaur Jr.","The Fiery Furnaces"
"Dinosaur Jr.","Tony Molina"
"Dinosaur Jr.","Blonde Redhead"
"Dinosaur Jr.","Blur"
"Dinosaur Jr.","Deerhoof"
"Dinosaur Jr.","Hole"
"Dinosaur Jr.","Squidboy"
"Dinosaur Jr.","The Anniversary"
"Dinosaur Jr.","Versus"
"Dinosaur Jr.","Rock Star Club"
"Kurtis Blow","Run-D.M.C."
"The Sugarhill Gang","Run-D.M.C."
"Spoonie Gee","Run-D.M.C."
"Treacherous Three","Run-D.M.C."
"Afrika Bambaataa","Run-D.M.C."
"Grandmaster Melle Mel","Run-D.M.C."
"Run-D.M.C.","Busta Rhymes"
"Run-D.M.C.","EPMD"
"Run-D.M.C.","Eric B. & Rakim"
"Run-D.M.C.","LL Cool J"
"Run-D.M.C.","Naughty by Nature"
"Run-D.M.C.","Ultramagnetic MC's"
"Run-D.M.C.","3rd Bass"
"Run-D.M.C.","Biz Markie"
"Run-D.M.C.","Boogie Down Productions"
"Run-D.M.C.","Brand Nubian"
"Run-D.M.C.","De La Soul"
"Run-D.M.C.","DJ Jazzy Jeff & the Fresh Prince"
"Run-D.M.C.","Eminem"
"Run-D.M.C.","Ice-T"
"Run-D.M.C.","Kanye West"
"Run-D.M.C.","N.W.A"
"Run-D.M.C.","Slick Rick"
"Run-D.M.C.","Stetsasonic"
"Run-D.M.C.","Will Smith"
"Run-D.M.C.","will.i.am"
"Run-D.M.C.","8Ball and MJG"
"Run-D.M.C.","Beastie Boys"
"Run-D.M.C.","Canibus"
"Run-D.M.C.","Chill Rob G."
"Run-D.M.C.","E-40"
"Run-D.M.C.","Eazy-E"
"Run-D.M.C.","Faith No More"
"Run-D.M.C.","Guru"
"Run-D.M.C.","Heavy D"
"Run-D.M.C.","Kool G Rap & DJ Polo"
"Run-D.M.C.","Kool Keith"
"Run-D.M.C.","M.O.P."
"Run-D.M.C.","Mark Ronson"
"Run-D.M.C.","Method Man"
"Run-D.M.C.","Ol' Dirty Bastard"
"Run-D.M.C.","Public Enemy"
"Run-D.M.C.","Queen Latifah"
"Run-D.M.C.","Salt-N-Pepa"
"Run-D.M.C.","The 2 Live Crew"
"Run-D.M.C.","Vanilla Ice"
"Run-D.M.C.","Wu-Tang Clan"
"Run-D.M.C.","Wyclef Jean"
"Run-D.M.C.","Aesop Rock"
"Run-D.M.C.","Atmosphere"
"Run-D.M.C.","AZ"
"Run-D.M.C.","DJ Spooky"
"Run-D.M.C.","Masta Ace Incorporated"
"Run-D.M.C.","MC Hammer"
"Run-D.M.C.","Monie Love"
"Run-D.M.C.","Onyx"
"Run-D.M.C.","P.M. Dawn"
"Run-D.M.C.","Puff Daddy"
"Run-D.M.C.","Audio Two"
"Run-D.M.C.","Black, Rock & Ron"
"Run-D.M.C.","Ice Cube"
"Run-D.M.C.","Obie Trice"
"Run-D.M.C.","Paris"
"Run-D.M.C.","Sage Francis"
"Run-D.M.C.","Too $hort"
"Run-D.M.C.","Will Jay"
"MC Eiht","Kendrick Lamar"
"Eminem","Kendrick Lamar"
"Phonte","Kendrick Lamar"
"André 3000","Kendrick Lamar"
"Nas","Kendrick Lamar"
"Rakim","Kendrick Lamar"
"The Notorious B.I.G.","Kendrick Lamar"
"DMX","Kendrick Lamar"
"Jay-Z","Kendrick Lamar"
"Kurupt","Kendrick Lamar"
"Mobb Deep","Kendrick Lamar"
"Mos Def","Kendrick Lamar"
"2Pac","Kendrick Lamar"
"Snoop Dogg","Kendrick Lamar"
"Kendrick Lamar","Khalid"
"Kendrick Lamar","Trip Lee"
"Kendrick Lamar","Young Thug"
"Kendrick Lamar","Boogie"
"Kendrick Lamar","CJ Flemings"
"Kendrick Lamar","EDEN"
"Kendrick Lamar","GTA"
"Kendrick Lamar","Higher Brothers"
"Kendrick Lamar","James Supercave"
"Kendrick Lamar","Katori Walker"
"Kendrick Lamar","Moosh & Twist"
"Kendrick Lamar","Nicky Blitz"
"Kendrick Lamar","P1Harmony"
"Kendrick Lamar","Peysoh"
"Kendrick Lamar","Sleepy Hallow"
"Kendrick Lamar","Spenzo"
"Kendrick Lamar","Sueco"
"Kendrick Lamar","SwaVay"
"Kendrick Lamar","Wallie the Sensei"
"Kendrick Lamar","Westside Boogie"
"Sonny Rollins","John Coltrane"
"Charlie Parker","John Coltrane"
"Dexter Gordon","John Coltrane"
"Dizzy Gillespie","John Coltrane"
"Don Byas","John Coltrane"
"Lester Young","John Coltrane"
"Miles Davis","John Coltrane"
"Sonny Stitt","John Coltrane"
"Stan Getz","John Coltrane"
"Thelonious Monk","John Coltrane"
"Yusef Lateef","John Coltrane"
"Billie Holiday","John Coltrane"
"Coleman Hawkins","John Coltrane"
"Duke Ellington","John Coltrane"
"Dennis Sandole","John Coltrane"
"Johnny Hodges","John Coltrane"
"Ella Fitzgerald","John Coltrane"
"John Gilmore","John Coltrane"
"George Gershwin","John Coltrane"
"Fats Waller","John Coltrane"
"John Coltrane","Archie Shepp"
"John Coltrane","Art Pepper"
"John Coltrane","Charles Gayle"
"John Coltrane","Charles Lloyd"
"John Coltrane","David Murray"
"John Coltrane","David S. Ware"
"John Coltrane","Rudolph Johnson"
"John Coltrane","Dan Blake"
"John Coltrane","David Liebman"
"John Coltrane","Frank Zappa"
"John Coltrane","Grover Washington, Jr."
"John Coltrane","Hamiet Bluiett"
"John Coltrane","Joe Lovano"
"John Coltrane","Kenny Garrett"
"John Coltrane","Michael Brecker"
"John Coltrane","Roy Ayers"
"John Coltrane","Sonny Fortune"
"John Coltrane","Arthur Blythe"
"John Coltrane","Dayna Stephens"
"John Coltrane","Howard Shore"
"John Coltrane","Jon Batiste"
"John Coltrane","Joni Mitchell"
"John Coltrane","Kenny G"
"John Coltrane","Mulatu Astatke"
"John Coltrane","Rahsaan Roland Kirk"
"John Coltrane","Randal Despommier"
"John Coltrane","Talk Talk"
"John Coltrane","The Plastic People of the Universe"
"John Coltrane","Anthony Braxton"
"John Coltrane","Bob Mintzer"
"John Coltrane","Chris Potter"
"John Coltrane","Dave Pike"
"John Coltrane","Elisabeth Kontomanou"
"John Coltrane","Larry Young"
"John Coltrane","Mark Turner"
"John Coltrane","Morphine"
"John Coltrane","The Afghan Whigs"
"John Coltrane","AudioDamn!"
"John Coltrane","Bennie Maupin"
"John Coltrane","Blue Mitchell"
"John Coltrane","Booker Ervin"
"John Coltrane","Cannonball Adderley"
"John Coltrane","Courtney Pine"
"John Coltrane","Dave Douglas"
"John Coltrane","Don ""Sugarcane"" Harris"
"John Coltrane","Doug Carn"
"John Coltrane","Evan Parker"
"John Coltrane","George Adams"
"John Coltrane","Goldfish"
"John Coltrane","Hubert Laws"
"John Coltrane","James Carter"
"John Coltrane","Jan Garbarek"
"John Coltrane","Joe Henderson"
"John Coltrane","John Gilmore"
"John Coltrane","John Klemmer"
"John Coltrane","John Surman"
"John Coltrane","Johnny Griffin"
"John Coltrane","Leroy Jenkins"
"John Coltrane","Logic"
"John Coltrane","Marvin ""Hannibal"" Peterson"
"John Coltrane","Michał Urbaniak"
"John Coltrane","Moxie Raia"
"John Coltrane","Norman Connors"
"John Coltrane","Nubya Garcia"
"John Coltrane","Rafiq Bhatia"
"John Coltrane","Richie Beirach"
"John Coltrane","Rova Saxophone Quartet"
"John Coltrane","Sam Gendel"
"John Coltrane","Sam Rivers"
"John Coltrane","Santana"
"John Coltrane","Slide Hampton"
"John Coltrane","Spiritualized"
"John Coltrane","Stanley Clarke"
"John Coltrane","Steve Grossman"
"John Coltrane","Steve Lacy"
"John Coltrane","Terry Riley"
"John Coltrane","The Dream Syndicate"
"John Coltrane","The Jazz Crusaders"
"John Coltrane","Tom Scott"
"John Coltrane","Will Epstein"
"John Coltrane","Woody Shaw"
"Bunk Johnson","Louis Armstrong"
"Kid Ory","Louis Armstrong"
"King Oliver","Louis Armstrong"
"Buddy Petit","Louis Armstrong"
"Fletcher Henderson","Louis Armstrong"
"James P. Johnson","Louis Armstrong"
"Freddie Keppard","Louis Armstrong"
"Jelly Roll Morton","Louis Armstrong"
"Mike Walbridge","Louis Armstrong"
"Paul Whiteman","Louis Armstrong"
"Louis Armstrong","Billie Holiday"
"Louis Armstrong","Bix Beiderbecke"
"Louis Armstrong","Clark Terry"
"Louis Armstrong","Clifford Brown"
"Louis Armstrong","Dizzy Gillespie"
"Louis Armstrong","Louis Prima"
"Louis Armstrong","Perry Como"
"Louis Armstrong","Roy Eldridge"
"Louis Armstrong","Bobby Hackett"
"Louis Armstrong","Bunny Berigan"
"Louis Armstrong","Cootie Williams"
"Louis Armstrong","Dinah Washington"
"Louis Armstrong","Eddie Condon"
"Louis Armstrong","Ella Fitzgerald"
"Louis Armstrong","Fats Navarro"
"Louis Armstrong","Freddie Hubbard"
"Louis Armstrong","Harry ""Sweets"" Edison"
"Louis Armstrong","Harry James"
"Louis Armstrong","Henry ""Red"" Allen"
"Louis Armstrong","Lee Konitz"
"Louis Armstrong","Lena Horne"
"Louis Armstrong","Mose Allison"
"Louis Armstrong","Nat Adderley"
"Louis Armstrong","Roy Hargrove"
"Louis Armstrong","Slim Gaillard"
"Louis Armstrong","Wynton Marsalis"
"Louis Armstrong","Allen Toussaint"
"Louis Armstrong","Benny Carter"
"Louis Armstrong","Bob Scobey"
"Louis Armstrong","Bobby Henderson"
"Louis Armstrong","Buck Clayton"
"Louis Armstrong","Chris Botti"
"Louis Armstrong","Count Basie"
"Louis Armstrong","Django Reinhardt"
"Louis Armstrong","Doc Cheatham"
"Louis Armstrong","Don Cherry"
"Louis Armstrong","Erskine Hawkins"
"Louis Armstrong","Frank Sinatra"
"Louis Armstrong","Gene Kelly"
"Louis Armstrong","Herb Alpert"
"Louis Armstrong","Hoagy Carmichael"
"Louis Armstrong","Jabbo Smith"
"Louis Armstrong","Kenny Dorham"
"Louis Armstrong","Little Jimmy Scott"
"Louis Armstrong","Lloyd Price"
"Louis Armstrong","Lonnie Johnson"
"Louis Armstrong","Marcus Belgrave"
"Louis Armstrong","Muggsy Spanier"
"Louis Armstrong","Nicholas Payton"
"Louis Armstrong","Ruby Braff"
"Louis Armstrong","Snooky Young"
"Louis Armstrong","Stéphane Grappelli"
"Louis Armstrong","Thad Jones"
"Louis Armstrong","The Boswell Sisters"
"Louis Armstrong","Tiger Okoshi"
"Louis Armstrong","Bob Wills"
"Louis Armstrong","Dean Martin"
"Louis Armstrong","Howard McGhee"
"Louis Armstrong","Leon Redbone"
"Louis Armstrong","Lester Bowie"
"Louis Armstrong","Lionel Hampton"
"Louis Armstrong","Ray Conniff"
"Louis Armstrong","The Art Ensemble of Chicago"
"Louis Armstrong","Wild Bill Davison"
"Louis Armstrong","Wingy Manone"
"Louis Armstrong","Woody Herman"
"Louis Armstrong","Caterina Valente"
"Louis Armstrong","Clara Barry"
"Louis Armstrong","Frankie Laine"
"Louis Armstrong","Georgia Mancio"
"Louis Armstrong","Kita Alexander"
"Louis Armstrong","Ma Rainey"
"Louis Armstrong","The Platters"
"Louis Armstrong","Von Freeman"
"Louis Armstrong","Willy Chirino"
"Carl Smith","Johnny Cash"
"Hank Williams","Johnny Cash"
"The Carter Family","Johnny Cash"
"Ernest Tubb","Johnny Cash"
"Hank Snow","Johnny Cash"
"Jimmie Rodgers","Johnny Cash"
"Tex Ritter","Johnny Cash"
"Woody Guthrie","Johnny Cash"
"Gene Autry","Johnny Cash"
"Lead Belly","Johnny Cash"
"Lefty Frizzell","Johnny Cash"
"Roy Acuff","Johnny Cash"
"The Stoneman Family","Johnny Cash"
"Bob Wills","Johnny Cash"
"Cowboy Copas","Johnny Cash"
"Dock Boggs","Johnny Cash"
"John Lee Hooker","Johnny Cash"
"The Louvin Brothers","Johnny Cash"
"The Sons of the Pioneers","Johnny Cash"
"The Swan Silvertones","Johnny Cash"
"Webb Pierce","Johnny Cash"
"Johnny Cash","John Prine"
"Johnny Cash","Kris Kristofferson"
"Johnny Cash","Rodney Crowell"
"Johnny Cash","Rosanne Cash"
"Johnny Cash","Steve Earle"
"Johnny Cash","Waylon Jennings"
"Johnny Cash","Charlie Daniels"
"Johnny Cash","David Allan Coe"
"Johnny Cash","Jerry Jeff Walker"
"Johnny Cash","Marty Stuart"
"Johnny Cash","Merle Haggard"
"Johnny Cash","Moe Bandy"
"Johnny Cash","Steve Young"
"Johnny Cash","Tom Petty"
"Johnny Cash","Tom T. Hall"
"Johnny Cash","Tompall Glaser"
"Johnny Cash","Arlo Guthrie"
"Johnny Cash","Billy Joe Shaver"
"Johnny Cash","Bobby Bare"
"Johnny Cash","Calexico"
"Johnny Cash","Dave Alvin"
"Johnny Cash","Dave Dudley"
"Johnny Cash","Dave Edmunds"
"Johnny Cash","Eddie Rabbitt"
"Johnny Cash","Garth Brooks"
"Johnny Cash","Gram Parsons"
"Johnny Cash","Guy Clark"
"Johnny Cash","Hank Williams III"
"Johnny Cash","Hasil Adkins"
"Johnny Cash","James McMurtry"
"Johnny Cash","Jimmy Buffett"
"Johnny Cash","Jo-El Sonnier"
"Johnny Cash","Junior Brown"
"Johnny Cash","Meat Puppets"
"Johnny Cash","Michael Nesmith"
"Johnny Cash","Moby Grape"
"Johnny Cash","Nick Cave"
"Johnny Cash","Red Sovine"
"Johnny Cash","Shooter Jennings"
"Johnny Cash","Social Distortion"
"Johnny Cash","The International Submarine Band"
"Johnny Cash","Uncle Tupelo"
"Johnny Cash","Waco Brothers"
"Johnny Cash","X"
"Johnny Cash","Young Rebel Set"
"Johnny Cash","Brooks & Dunn"
"Johnny Cash","C.W. McCall"
"Johnny Cash","Flogging Molly"
"Johnny Cash","George Strait"
"Johnny Cash","Grinderman"
"Johnny Cash","Johnny Horton"
"Johnny Cash","Nick Lowe"
"Johnny Cash","Richard Hawley"
"Johnny Cash","The Walkabouts"
"Johnny Cash","Ashley J."
"Johnny Cash","Daniel Romano"
"Johnny Cash","G-Eazy"
"Johnny Cash","Hozier"
"Johnny Cash","James Johnston"
"Johnny Cash","Jordan Harvey"
"Johnny Cash","Koe Wetzel"
"Johnny Cash","Matt Stell"
"Johnny Cash","Moonshine Bandits"
"Johnny Cash","MXMS"
"Johnny Cash","NO"
"Johnny Cash","Palace"
"Johnny Cash","Phebe Starr"
"Johnny Cash","Post Malone"
"Johnny Cash","Rascal Flatts"
"Johnny Cash","RUNAGROUND"
"Johnny Cash","Sam Brothers"
"Johnny Cash","Shawn Hook"
"Johnny Cash","The Civil Wars"
"Johnny Cash","Trent Dabbs"
"Johnny Cash","Volbeat"
"Jimmie Rodgers","Hank Williams"
"Roy Acuff","Hank Williams"
"Rufus ""Tee-Tot"" Payne","Hank Williams"
"The Carter Family","Hank Williams"
"Emmett Miller","Hank Williams"
"Ernest Tubb","Hank Williams"
"The Dixon Brothers","Hank Williams"
"Uncle Dave Macon","Hank Williams"
"Sam & Kirk McGee","Hank Williams"
"The Delmore Brothers","Hank Williams"
"Will Rogers","Hank Williams"
"Rex Griffin","Hank Williams"
"Robert Johnson","Hank Williams"
"Frank Hutchison","Hank Williams"
"Woody Guthrie","Hank Williams"
"Hank Williams","Conway Twitty"
"Hank Williams","Duane Eddy"
"Hank Williams","George Jones"
"Hank Williams","Gram Parsons"
"Hank Williams","Hank Williams III"
"Hank Williams","Hank Williams, Jr."
"Hank Williams","Johnny Horton"
"Hank Williams","Merle Haggard"
"Hank Williams","Ray Price"
"Hank Williams","Waylon Jennings"
"Hank Williams","Willie Nelson"
"Hank Williams","Boxcar Willie"
"Hank Williams","Butch Hancock"
"Hank Williams","Carl Butler"
"Hank Williams","Carl Smith"
"Hank Williams","Charley Pride"
"Hank Williams","Charlie Daniels"
"Hank Williams","Charlie Feathers"
"Hank Williams","Charlie Louvin"
"Hank Williams","Chet Atkins"
"Hank Williams","Clint Black"
"Hank Williams","Dwight Yoakam"
"Hank Williams","Faron Young"
"Hank Williams","Gary Stewart"
"Hank Williams","George Strait"
"Hank Williams","Glen Campbell"
"Hank Williams","Hasil Adkins"
"Hank Williams","Janis Martin"
"Hank Williams","John Anderson"
"Hank Williams","John Prine"
"Hank Williams","Kris Kristofferson"
"Hank Williams","Leon Russell"
"Hank Williams","Lucinda Williams"
"Hank Williams","Lyle Lovett"
"Hank Williams","Marty Robbins"
"Hank Williams","Mickey Newbury"
"Hank Williams","Moe Bandy"
"Hank Williams","Porter Wagoner"
"Hank Williams","Randy Travis"
"Hank Williams","Rodney Crowell"
"Hank Williams","Ronnie Hawkins"
"Hank Williams","Ronnie Milsap"
"Hank Williams","Sleepy LaBeef"
"Hank Williams","Tom T. Hall"
"Hank Williams","Tompall Glaser"
"Hank Williams","Townes Van Zandt"
"Hank Williams","Wilco"
"Hank Williams","Alan Jackson"
"Hank Williams","Arlo Guthrie"
"Hank Williams","B.J. Thomas"
"Hank Williams","Billy Joe Shaver"
"Hank Williams","Bobby Bare"
"Hank Williams","Brenda Lee"
"Hank Williams","Cowboy Junkies"
"Hank Williams","Del McCoury"
"Hank Williams","Del Shannon"
"Hank Williams","Don Gibson"
"Hank Williams","Doug Kershaw"
"Hank Williams","Emmylou Harris"
"Hank Williams","Ferlin Husky"
"Hank Williams","Fred Neil"
"Hank Williams","Freddy Fender"
"Hank Williams","Garth Brooks"
"Hank Williams","Gene Clark"
"Hank Williams","Gordon Lightfoot"
"Hank Williams","Grant Lee Buffalo"
"Hank Williams","Guy Clark"
"Hank Williams","Hoyt Axton"
"Hank Williams","J.D. Souther"
"Hank Williams","Jamey Johnson"
"Hank Williams","Jim Ford"
"Hank Williams","Jimmie Dale Gilmore"
"Hank Williams","John Michael Montgomery"
"Hank Williams","Johnny Dowd"
"Hank Williams","Johnny Tillotson"
"Hank Williams","Lee Hazlewood"
"Hank Williams","Meat Puppets"
"Hank Williams","Mel Tillis"
"Hank Williams","Michael Nesmith"
"Hank Williams","Moe Bandy & Joe Stampley"
"Hank Williams","Neko Case"
"Hank Williams","Roger Miller"
"Hank Williams","Sammy Kershaw"
"Hank Williams","Skip Spence"
"Hank Williams","Slim Whitman"
"Hank Williams","Sonny Burgess"
"Hank Williams","Steve Earle"
"Hank Williams","The Blasters"
"Hank Williams","The Flying Burrito Brothers"
"Hank Williams","The Mekons"
"Hank Williams","The Sir Douglas Quintet"
"Hank Williams","The The"
"Hank Williams","Tim Hardin"
"Hank Williams","Uncle Tupelo"
"Hank Williams","Wanda Jackson"
"Hank Williams","Asleep at the Wheel"
"Hank Williams","Big Sandy & His Fly-Rite Boys"
"Hank Williams","Bill Anderson"
"Hank Williams","David Allan Coe"
"Hank Williams","Dolly Parton"
"Hank Williams","Don Walser"
"Hank Williams","Eliza Gilkyson"
"Hank Williams","Frankie Miller"
"Hank Williams","Greg Brown"
"Hank Williams","Jim Reeves"
"Hank Williams","Justin Townes Earle"
"Hank Williams","Kenny Chesney"
"Hank Williams","Neil Diamond"
"Hank Williams","Patty Griffin"
"Hank Williams","Ralph McTell"
"Hank Williams","Rank and File"
"Hank Williams","Stonewall Jackson"
"Hank Williams","Tammy Wynette"
"Hank Williams","The Gibson Bros."
"Hank Williams","The Kingston Trio"
"Hank Williams","The Mavericks"
"Hank Williams","Ty England"
"Hank Williams","Van Morrison"
"Hank Williams","Vic Chesnutt"
"Hank Williams","Waco Brothers"
"Hank Williams","X"
"Hank Williams","Del Reeves"
"Hank Williams","Dion"
"Hank Williams","Eddy Arnold"
"Hank Williams","Moonsville Collective"
"Hank Williams","Sarah Ross"
"Hank Williams","Johnny Paycheck"
"Hank Williams","Sarah Harmer"
"Hank Williams","Wayne Hancock"
"Echo & the Bunnymen","Arcade Fire"
"Bruce Springsteen","Arcade Fire"
"Roxy Music","Arcade Fire"
"David Bowie","Arcade Fire"
"Spiritualized","Arcade Fire"
"Alvino Rey","Arcade Fire"
"Björk","Arcade Fire"
"Mercury Rev","Arcade Fire"
"Neil Young","Arcade Fire"
"New Order","Arcade Fire"
"The Beach Boys","Arcade Fire"
"The Beatles","Arcade Fire"
"The Cure","Arcade Fire"
"The Flaming Lips","Arcade Fire"
"Arcade Fire","Imagine Dragons"
"Arcade Fire","Mumford & Sons"
"Arcade Fire","Equador"
"Arcade Fire","Ha Ha Tonka"
"Arcade Fire","Miniboone"
"Arcade Fire","Nanna"
"Arcade Fire","Oh Pep!"
"Arcade Fire","Rah Rah"
"Arcade Fire","Run River North"
"Arcade Fire","Say Lou Lou"
"Arcade Fire","Still Dreams"
"Arcade Fire","The Amazons"
"Arcade Fire","Treefight for Sunlight"
"Iggy Pop","The Strokes"
"John Lennon","The Strokes"
"The Cars","The Strokes"
"The Stooges","The Strokes"
"The Modern Lovers","The Strokes"
"Blondie","The Strokes"
"Elastica","The Strokes"
"Jonathan Fire*Eater","The Strokes"
"New York Dolls","The Strokes"
"Patti Smith","The Strokes"
"Richard Hell","The Strokes"
"Suicide","The Strokes"
"Lou Reed","The Strokes"
"The Strokes","Arctic Monkeys"
"The Strokes","Cage the Elephant"
"The Strokes","Jordana"
"The Strokes","Paramore"
"The Strokes","Jupiter One"
"The Strokes","The F16s"
"The Strokes","Western Education"
"The Strokes","Twin Peaks"
"The Strokes","Beach Youth"
"The Strokes","Castlecomer"
"The Strokes","Circa Waves"
"The Strokes","COUNTERFEIT."
"The Strokes","Dan Luke and the Raid"
"The Strokes","Djo"
"The Strokes","Geese"
"The Strokes","Goody Grace"
"The Strokes","Kane Strang"
"The Strokes","Kings of Leon"
"The Strokes","Neon Trees"
"The Strokes","Phantom Planet"
"The Strokes","The Hellp"
"The Strokes","The Rare Occasions"
"The Strokes","Tommy Newport"
"The Strokes","Wild Party"
"The Strokes","With Confidence"
"The Strokes","Yoko and the Oh No's"
"The Strokes","Young the Giant"
"Dennis Young","LCD Soundsystem"
"The Fall","LCD Soundsystem"
"Arthur Baker","LCD Soundsystem"
"New Order","LCD Soundsystem"
"Public Image Ltd.","LCD Soundsystem"
"Severed Heads","LCD Soundsystem"
"Talking Heads","LCD Soundsystem"
"LCD Soundsystem","Big Data"
"LCD Soundsystem","The F16s"
"LCD Soundsystem","Battle Tapes"
"LCD Soundsystem","Bloodboy"
"LCD Soundsystem","Childish Gambino"
"LCD Soundsystem","Confidence Man"
"LCD Soundsystem","De Lux"
"LCD Soundsystem","Kele"
"LCD Soundsystem","Mainland"
"LCD Soundsystem","Nation of Language"
"LCD Soundsystem","Punchbag"
"LCD Soundsystem","The Dare"
"XTC","Vampire Weekend"
"Peter Gabriel","Vampire Weekend"
"Spoon","Vampire Weekend"
"The Strokes","Vampire Weekend"
"Fela Kuti","Vampire Weekend"
"The Clash","Vampire Weekend"
"Paul Simon","Vampire Weekend"
"Simon & Garfunkel","Vampire Weekend"
"Skeleton Key","Vampire Weekend"
"Orange Juice","Vampire Weekend"
"Ramones","Vampire Weekend"
"The Beatles","Vampire Weekend"
"The Kinks","Vampire Weekend"
"The Police","Vampire Weekend"
"The Fall","Vampire Weekend"
"Pavement","Vampire Weekend"
"Kacey Musgraves","Vampire Weekend"
"Vampire Weekend","George Ezra"
"Vampire Weekend","Lord Huron"
"Vampire Weekend","HAIM"
"Vampire Weekend","Dinosaur Feathers"
"Vampire Weekend","Remo Drive"
"Vampire Weekend","Twinsmith"
"Vampire Weekend","Way Yes"
"Vampire Weekend","Carly Rae Jepsen"
"Vampire Weekend","Foster the People"
"Vampire Weekend","Model Aeroplanes"
"Vampire Weekend","Aloa Input"
"Vampire Weekend","Beach Youth"
"Vampire Weekend","Daytona"
"Vampire Weekend","San Cisco"
"David Bowie","Echo & the Bunnymen"
"Television","Echo & the Bunnymen"
"The Doors","Echo & the Bunnymen"
"The Stooges","Echo & the Bunnymen"
"Leonard Cohen","Echo & the Bunnymen"
"Sex Pistols","Echo & the Bunnymen"
"Joy Division","Echo & the Bunnymen"
"Marc Bolan","Echo & the Bunnymen"
"Scott Walker","Echo & the Bunnymen"
"Roxy Music","Echo & the Bunnymen"
"The 13th Floor Elevators","Echo & the Bunnymen"
"The Beatles","Echo & the Bunnymen"
"The Music Machine","Echo & the Bunnymen"
"The Seeds","Echo & the Bunnymen"
"The Standells","Echo & the Bunnymen"
"Echo & the Bunnymen","Ester Drang"
"Echo & the Bunnymen","Blur"
"Echo & the Bunnymen","Cold Cave"
"Echo & the Bunnymen","Doves"
"Echo & the Bunnymen","Echosmith"
"Echo & the Bunnymen","Inhaler"
"Echo & the Bunnymen","Interpol"
"Echo & the Bunnymen","Neon Waltz"
"Echo & the Bunnymen","Oasis"
"Echo & the Bunnymen","Pale Blue Eyes"
"Echo & the Bunnymen","Radiohead"
"Echo & the Bunnymen","Rats on Rafts"
"Echo & the Bunnymen","The Coral"
"Echo & the Bunnymen","The Flaming Lips"
"Echo & the Bunnymen","The Killers"
"Echo & the Bunnymen","The Make-Up"
"Echo & the Bunnymen","The Ocean Blue"
"Echo & the Bunnymen","The Sheila Divine"
"Echo & the Bunnymen","The Stills"
"Echo & the Bunnymen","Travis"
"Echo & the Bunnymen","World Leader Pretend"
"DJ Derek","Massive Attack"
"John Barry","Massive Attack"
"The Cure","Massive Attack"
"Big Audio Dynamite","Massive Attack"
"Cabaret Voltaire","Massive Attack"
"Ennio Morricone","Massive Attack"
"Funkadelic","Massive Attack"
"Isaac Hayes","Massive Attack"
"King Tubby","Massive Attack"
"Lee ""Scratch"" Perry","Massive Attack"
"Mad Professor","Massive Attack"
"Soul II Soul","Massive Attack"
"Massive Attack","Alpha"
"Massive Attack","Dubstar"
"Massive Attack","Hooverphonic"
"Massive Attack","Rae & Christian"
"Massive Attack","UNKLE"
"Massive Attack","Mono"
"Massive Attack","The Weeknd"
"Massive Attack","Aurelio Valle"
"Massive Attack","Battle Tapes"
"Massive Attack","Beth Orton"
"Massive Attack","Bowery Electric"
"Massive Attack","Breton"
"Massive Attack","Burial"
"Massive Attack","Dead Letter Circus"
"Massive Attack","Death in Vegas"
"Massive Attack","Dot Allison"
"Massive Attack","Gazelle Twin"
"Massive Attack","GoGo Penguin"
"Massive Attack","Hælos"
"Massive Attack","Madonna"
"Massive Attack","Moloko"
"Massive Attack","Mr. Little Jeans"
"Massive Attack","Paper Route"
"Massive Attack","Rituals of Mine"
"Massive Attack","Saint Mesa"
"Massive Attack","Thievery Corporation"
"Massive Attack","Tweaks"
"Massive Attack","Woodkid"
"808 State","Aphex Twin"
"Mr. Fingers","Aphex Twin"
"Philip Glass","Aphex Twin"
"Tod Dockstader","Aphex Twin"
"Meat Beat Manifesto","Aphex Twin"
"Bernard Parmegiani","Aphex Twin"
"Cabaret Voltaire","Aphex Twin"
"Deuter","Aphex Twin"
"Drexciya","Aphex Twin"
"John Cage","Aphex Twin"
"Juan Atkins","Aphex Twin"
"Popol Vuh","Aphex Twin"
"Renegade Soundwave","Aphex Twin"
"Tangerine Dream","Aphex Twin"
"The Art of Noise","Aphex Twin"
"Throbbing Gristle","Aphex Twin"
"Aphex Twin","Blamstrain"
"Aphex Twin","Boards of Canada"
"Aphex Twin","Cex"
"Aphex Twin","Clark"
"Aphex Twin","Kid606"
"Aphex Twin","Lesser"
"Aphex Twin","Meresha"
"Aphex Twin","Rival Consoles"
"Aphex Twin","The Flashbulb"
"Aphex Twin","Major Lazer"
"Aphex Twin","Three Trapped Tigers"
"Aphex Twin","Photay"
"Aphex Twin","Actress"
"Aphex Twin","Atoms for Peace"
"Aphex Twin","Breton"
"Aphex Twin","Calvin Harris"
"Aphex Twin","Castell"
"Aphex Twin","Console"
"Aphex Twin","Deadmau5"
"Aphex Twin","DJ Spooky"
"Aphex Twin","Floating Points"
"Aphex Twin","Flying Lotus"
"Aphex Twin","Herobust"
"Aphex Twin","Isolée"
"Aphex Twin","James Supercave"
"Aphex Twin","Junior Mesa"
"Aphex Twin","Lee Bannon"
"Aphex Twin","Leila"
"Aphex Twin","Leon Vynehall"
"Aphex Twin","Lisa Carbon"
"Aphex Twin","Monolake"
"Aphex Twin","Moz5a"
"Aphex Twin","Oval"
"Aphex Twin","Pan Sonic"
"Aphex Twin","Plastikman"
"Aphex Twin","Pole"
"Aphex Twin","Skrillex"
"The Last Poets","Public Enemy"
"Funkadelic","Public Enemy"
"Kool Moe Dee","Public Enemy"
"Kurtis Blow","Public Enemy"
"Parliament","Public Enemy"
"Sly & the Family Stone","Public Enemy"
"Ice-T","Public Enemy"
"Miles Davis","Public Enemy"
"Stetsasonic","Public Enemy"
"Treacherous Three","Public Enemy"
"Bad Brains","Public Enemy"
"Cold Crush Brothers","Public Enemy"
"Gil Scott-Heron","Public Enemy"
"Grandmaster Melle Mel","Public Enemy"
"Malcolm X","Public Enemy"
"Mantronix","Public Enemy"
"Schoolly D","Public Enemy"
"Steinski","Public Enemy"
"Public Enemy","Ice Cube"
"Public Enemy","Mobb Deep"
"Public Enemy","Paris"
"Public Enemy","Rage Against the Machine"
"Public Enemy","The Coup"
"Public Enemy","The Disposable Heroes of Hiphoprisy"
"Public Enemy","Wu-Tang Clan"
"Public Enemy","Boo-Yaa T.R.I.B.E."
"Public Enemy","Brand Nubian"
"Public Enemy","Cypress Hill"
"Public Enemy","Da Lench Mob"
"Public Enemy","Dead Prez"
"Public Enemy","Leaders of the New School"
"Public Enemy","Lords of the Underground"
"Public Enemy","Nas"
"Public Enemy","Organized Konfusion"
"Public Enemy","Spearhead"
"Public Enemy","Talib Kweli"
"Public Enemy","The Chemical Brothers"
"Public Enemy","Urban Dance Squad"
"Public Enemy","50 Cent"
"Public Enemy","Capone-N-Noreaga"
"Public Enemy","DJ Spooky"
"Public Enemy","Eminem"
"Public Enemy","Fatboy Slim"
"Public Enemy","Gravediggaz"
"Public Enemy","Jay-Z"
"Public Enemy","Jeru the Damaja"
"Public Enemy","The Prodigy"
"Public Enemy","Tricky"
"Public Enemy","Underground Resistance"
"Public Enemy","8Ball and MJG"
"Public Enemy","DMX"
"Public Enemy","Black, Rock & Ron"
"Public Enemy","Fever 333"
"Public Enemy","Hilltop Hoods"
"Public Enemy","Michael Franti"
"Public Enemy","Michael Franti & Spearhead"
"Public Enemy","Moor Mother"
"Public Enemy","Obie Trice"
"Public Enemy","Sage Francis"
"Public Enemy","Success-n-Effect"
"Afrika Bambaataa","A Tribe Called Quest"
"Charles Mingus","A Tribe Called Quest"
"Donald Byrd","A Tribe Called Quest"
"Earth, Wind & Fire","A Tribe Called Quest"
"Eric B. & Rakim","A Tribe Called Quest"
"Grant Green","A Tribe Called Quest"
"Kool & the Gang","A Tribe Called Quest"
"Parliament","A Tribe Called Quest"
"Public Enemy","A Tribe Called Quest"
"Ron Carter","A Tribe Called Quest"
"Sly & the Family Stone","A Tribe Called Quest"
"A Tribe Called Quest","Arrested Development"
"A Tribe Called Quest","Arsonists"
"A Tribe Called Quest","Black Eyed Peas"
"A Tribe Called Quest","CJ Fly"
"A Tribe Called Quest","Common"
"A Tribe Called Quest","Coolio"
"A Tribe Called Quest","Dinner Party"
"A Tribe Called Quest","Dirty Heads"
"A Tribe Called Quest","DJ Shadow"
"A Tribe Called Quest","DJ Vadim"
"A Tribe Called Quest","Fat Tony"
"A Tribe Called Quest","IshDARR"
"A Tribe Called Quest","Jurassic 5"
"A Tribe Called Quest","KDA"
"A Tribe Called Quest","Lil Xan"
"A Tribe Called Quest","Little Brother"
"A Tribe Called Quest","Logic"
"A Tribe Called Quest","Mac Miller"
"A Tribe Called Quest","Mark Ronson"
"A Tribe Called Quest","Mos Def"
"A Tribe Called Quest","N.O.R.E."
"A Tribe Called Quest","Nas"
"A Tribe Called Quest","Nick Grant"
"A Tribe Called Quest","Pell"
"A Tribe Called Quest","Quannum"
"A Tribe Called Quest","Shyheim"
"A Tribe Called Quest","Statik Kxng"
"A Tribe Called Quest","Talib Kweli"
"A Tribe Called Quest","Warm Brew"
"A Tribe Called Quest","Will Jay"
"A Tribe Called Quest","Zimbabwe Legit"
"Cocteau Twins","My Bloody Valentine"
"The Beach Boys","My Bloody Valentine"
"The Birthday Party","My Bloody Valentine"
"The Cramps","My Bloody Valentine"
"Chrome","My Bloody Valentine"
"Hüsker Dü","My Bloody Valentine"
"Spacemen 3","My Bloody Valentine"
"The Pastels","My Bloody Valentine"
"Burt Bacharach","My Bloody Valentine"
"Jimi Hendrix","My Bloody Valentine"
"The Durutti Column","My Bloody Valentine"
"Throbbing Gristle","My Bloody Valentine"
"Faust","My Bloody Valentine"
"The Beatles","My Bloody Valentine"
"The Kinks","My Bloody Valentine"
"My Bloody Valentine","Ride"
"My Bloody Valentine","Sigur Rós"
"My Bloody Valentine","Skywave"
"My Bloody Valentine","Swervedriver"
"My Bloody Valentine","The Boo Radleys"
"My Bloody Valentine","The Verve"
"My Bloody Valentine","Catherine Wheel"
"My Bloody Valentine","Chapterhouse"
"My Bloody Valentine","Cranes"
"My Bloody Valentine","Curve"
"My Bloody Valentine","Garbage"
"My Bloody Valentine","Horsegirl"
"My Bloody Valentine","Jetman Jet Team"
"My Bloody Valentine","Majesty Crush"
"My Bloody Valentine","Mazzy Star"
"My Bloody Valentine","Medicine"
"My Bloody Valentine","Mogwai"
"My Bloody Valentine","Seefeel"
"My Bloody Valentine","Spiritualized"
"My Bloody Valentine","The Chemical Brothers"
"My Bloody Valentine","The Dandy Warhols"
"My Bloody Valentine","The Smashing Pumpkins"
"My Bloody Valentine","The Swirlies"
"My Bloody Valentine","Toro y Moi"
"My Bloody Valentine","Velocity Girl"
"My Bloody Valentine","A Place to Bury Strangers"
"My Bloody Valentine","A Sunny Day in Glasgow"
"My Bloody Valentine","Amp"
"My Bloody Valentine","Asobi Seksu"
"My Bloody Valentine","Autolux"
"My Bloody Valentine","Bardo Pond"
"My Bloody Valentine","Bowery Electric"
"My Bloody Valentine","Broadcast"
"My Bloody Valentine","Bryan's Magic Tears"
"My Bloody Valentine","Deafheaven"
"My Bloody Valentine","Engineers"
"My Bloody Valentine","Fennesz"
"My Bloody Valentine","Fields"
"My Bloody Valentine","Flying Saucer Attack"
"My Bloody Valentine","Helium"
"My Bloody Valentine","Hum"
"My Bloody Valentine","Japandroids"
"My Bloody Valentine","Jesu"
"My Bloody Valentine","M83"
"My Bloody Valentine","Mew"
"My Bloody Valentine","Mice Parade"
"My Bloody Valentine","Olli Hirvonen"
"My Bloody Valentine","Piano Magic"
"My Bloody Valentine","Picnic"
"My Bloody Valentine","Primal Scream"
"My Bloody Valentine","School of Seven Bells"
"My Bloody Valentine","Serena Maneesh"
"My Bloody Valentine","Sindy"
"My Bloody Valentine","Spirea X"
"My Bloody Valentine","St. Johnny"
"My Bloody Valentine","Starflyer 59"
"My Bloody Valentine","The 1975"
"My Bloody Valentine","The Apples in Stereo"
"My Bloody Valentine","The Black Angels"
"My Bloody Valentine","The Ecstasy of Saint Theresa"
"My Bloody Valentine","The Hair & Skin Trading Company"
"My Bloody Valentine","The Pains of Being Pure at Heart"
"My Bloody Valentine","The Ponys"
"My Bloody Valentine","The Raveonettes"
"My Bloody Valentine","The Sundays"
"My Bloody Valentine","The Third Eye Foundation"
"My Bloody Valentine","Tsunami"
"My Bloody Valentine","Abe Vigoda"
"My Bloody Valentine","Adventures in Stereo"
"My Bloody Valentine","All Natural Lemon & Lime Flavors"
"My Bloody Valentine","Atlas Sound"
"My Bloody Valentine","Benoît Pioulard"
"My Bloody Valentine","Black Rebel Motorcycle Club"
"My Bloody Valentine","Boards of Canada"
"My Bloody Valentine","Boris"
"My Bloody Valentine","BrightBlack Morning Light"
"My Bloody Valentine","CKY"
"My Bloody Valentine","Comet Gain"
"My Bloody Valentine","Crocodiles"
"My Bloody Valentine","Danielson"
"My Bloody Valentine","Dirty on Purpose"
"My Bloody Valentine","Disappears"
"My Bloody Valentine","Division of Laura Lee"
"My Bloody Valentine","Ester Drang"
"My Bloody Valentine","Explosions in the Sky"
"My Bloody Valentine","Friendly Fires"
"My Bloody Valentine","Fuck Buttons"
"My Bloody Valentine","Glasvegas"
"My Bloody Valentine","Incan Abraham"
"My Bloody Valentine","Lansing-Dreiden"
"My Bloody Valentine","Magic Hour"
"My Bloody Valentine","Peter Bjorn and John"
"My Bloody Valentine","Radar Bros."
"My Bloody Valentine","Silversun Pickups"
"My Bloody Valentine","Small Black"
"My Bloody Valentine","Study of the Lifeless"
"My Bloody Valentine","Suicideyear"
"My Bloody Valentine","Tadpoles"
"My Bloody Valentine","Talk in Tongues"
"My Bloody Valentine","Teengirl Fantasy"
"My Bloody Valentine","The Antlers"
"My Bloody Valentine","The Duke Spirit"
"My Bloody Valentine","The Stratford 4"
"My Bloody Valentine","Weekend"
"My Bloody Valentine","Wooden Shjips"
"My Bloody Valentine","Young Prisms"
"My Bloody Valentine","Andy Bell"
"My Bloody Valentine","Birds of Tokyo"
"My Bloody Valentine","Chino Moreno"
"My Bloody Valentine","Deftones"
"My Bloody Valentine","Echo Lake"
"My Bloody Valentine","Elder"
"My Bloody Valentine","Eros and the Eschaton"
"My Bloody Valentine","Facs"
"My Bloody Valentine","Froth"
"My Bloody Valentine","Holy Wave"
"My Bloody Valentine","Lowtide"
"My Bloody Valentine","Narrow Head"
"My Bloody Valentine","Overlake"
"My Bloody Valentine","Pears"
"My Bloody Valentine","Pet Milk"
"My Bloody Valentine","Seasurfer"
"My Bloody Valentine","Splashh"
"My Bloody Valentine","Strata Florida"
"My Bloody Valentine","Syvia"
"My Bloody Valentine","Tess Parks"
"My Bloody Valentine","The History of Colour TV"
"My Bloody Valentine","The Holidays"
"My Bloody Valentine","The Veldt"
"My Bloody Valentine","Washed Out"
"My Bloody Valentine","White Flowers"
"My Bloody Valentine","Wildhoney"
"My Bloody Valentine","WISP"
"Beastie Boys","Beck"
"Gary Wilson","Beck"
"Mantronix","Beck"
"Serge Gainsbourg","Beck"
"Willie Dixon","Beck"
"Big Bill Broonzy","Beck"
"Mark Mothersbaugh","Beck"
"Meat Puppets","Beck"
"Pussy Galore","Beck"
"Red Hot Chili Peppers","Beck"
"Ric Ocasek","Beck"
"The Cars","Beck"
"Thurston Moore","Beck"
"The Royal Wylds","Beck"
"Bob Dylan","Beck"
"Gram Parsons","Beck"
"John Lennon","Beck"
"Johnny Cash","Beck"
"Kraftwerk","Beck"
"Lead Belly","Beck"
"Mississippi John Hurt","Beck"
"Neil Young","Beck"
"Os Mutantes","Beck"
"Run-D.M.C.","Beck"
"Beck","Cage the Elephant"
"Beck","LCD Soundsystem"
"Beck","Sean Lennon"
"Beck","The Beta Band"
"Beck","The Lonely Island"
"Beck","Air"
"Beck","Ben Kweller"
"Beck","Beth Orton"
"Beck","Bon Iver"
"Beck","Gorillaz"
"Beck","Kesha"
"Beck","Atlas Genius"
"Beck","Anna Rochinski"
"Beck","Buffalo Daughter"
"Beck","Cake"
"Beck","Cibo Matto"
"Beck","Cornelius"
"Beck","Fun Lovin' Criminals"
"Beck","Grandaddy"
"Beck","Hollow & Akimbo"
"Beck","Jason Crosby"
"Beck","Jawny"
"Beck","Legit Smitty"
"Beck","Mugison"
"Beck","Panda Bear"
"Beck","Sivu"
"Beck","SOFIA ISELLA"
"Beck","Supersystem"
"Beck","Trevor James Tillery"
"Blind Willie McTell","The White Stripes"
"Mick Collins","The White Stripes"
"Cole Porter","The White Stripes"
"Son House","The White Stripes"
"AC/DC","The White Stripes"
"Cold War Kids","The White Stripes"
"Flat Duo Jets","The White Stripes"
"House of Freaks","The White Stripes"
"Jon Spencer","The White Stripes"
"Led Zeppelin","The White Stripes"
"Loretta Lynn","The White Stripes"
"MC5","The White Stripes"
"Muddy Waters","The White Stripes"
"New York Dolls","The White Stripes"
"R.L. Burnside","The White Stripes"
"Robert Johnson","The White Stripes"
"The Rolling Stones","The White Stripes"
"The Seeds","The White Stripes"
"The Stooges","The White Stripes"
"The Velvet Underground","The White Stripes"
"The White Stripes","Cage the Elephant"
"The White Stripes","Alabama Shakes"
"The White Stripes","Cato Salsa Experience"
"The White Stripes","Crywank"
"The White Stripes","Crywolf"
"The White Stripes","Durry"
"The White Stripes","Gossip"
"The White Stripes","Jawny"
"The White Stripes","Kings of Leon"
"The White Stripes","Mr. Airplane Man"
"The White Stripes","Olivia Rodrigo"
"The White Stripes","Soledad Brothers"
"The White Stripes","Some Velvet Morning"
"The White Stripes","Sun Club"
"The White Stripes","The Black Keys"
"The White Stripes","The Kills"
"The White Stripes","The Lumineers"
"Nas","Kanye West"
"DJ Premier","Kanye West"
"Mase","Kanye West"
"8Ball and MJG","Kanye West"
"A Tribe Called Quest","Kanye West"
"Common","Kanye West"
"Dr. Dre","Kanye West"
"Goodie Mob","Kanye West"
"RZA","Kanye West"
"Slick Rick","Kanye West"
"Timbaland","Kanye West"
"Kanye West","Chance the Rapper"
"Kanye West","J Balvin"
"Kanye West","Miguel"
"Kanye West","21 Savage"
"Kanye West","24kGoldn"
"Kanye West","Amir Obe"
"Kanye West","August 08"
"Kanye West","Big Sean"
"Kanye West","Bishop Nehru"
"Kanye West","Charles Hamilton"
"Kanye West","Childish Gambino"
"Kanye West","CJ Flemings"
"Kanye West","DeeWain"
"Kanye West","Deonis ""Pumah"" Cook"
"Kanye West","Donovan Wolfington"
"Kanye West","Drake"
"Kanye West","Frank Ocean"
"Kanye West","Future"
"Kanye West","G-DRAGON"
"Kanye West","G-Eazy"
"Kanye West","Guapdad 4000"
"Kanye West","Hare Squead"
"Kanye West","Hit-Boy"
"Kanye West","Jaden"
"Kanye West","Jez Dior"
"Kanye West","Juice WRLD"
"Kanye West","Kari Faux"
"Kanye West","Kidz in the Hall"
"Kanye West","Lil Baby"
"Kanye West","Lil Bibby"
"Kanye West","Lil Uzi Vert"
"Kanye West","Logic"
"Kanye West","Ludwig Göransson"
"Kanye West","Macklemore"
"Kanye West","Master Shortie"
"Kanye West","Migos"
"Kanye West","NAWAS"
"Kanye West","Pell"
"Kanye West","Post Malone"
"Kanye West","Rae Sremmurd"
"Kanye West","Rationale"
"Kanye West","Redfoo"
"Kanye West","Rico Nasty"
"Kanye West","River Tiber"
"Kanye West","Sam Lao"
"Kanye West","Shawn Hook"
"Kanye West","Smino"
"Kanye West","Sueco"
"Kanye West","Sumner"
"Kanye West","Terence Ryan"
"Kanye West","Tommy Cash"
"Kanye West","Travis Mills"
"Kanye West","Travis Scott"
"Kanye West","Tre Coast"
"Kanye West","Tunji Ige"
"Kanye West","Tyke T"
"Kanye West","X Lovers"
"Kanye West","Young Thug"
"Kanye West","Youth of the Apocalypse"
"2Pac","Eminem"
"Dr. Dre","Eminem"
"Geto Boys","Eminem"
"Ice Cube","Eminem"
"The Notorious B.I.G.","Eminem"
"Beastie Boys","Eminem"
"Eazy-E","Eminem"
"Slick Rick","Eminem"
"Too $hort","Eminem"
"3rd Bass","Eminem"
"Cypress Hill","Eminem"
"Kool G Rap & DJ Polo","Eminem"
"Nas","Eminem"
"Wu-Tang Clan","Eminem"
"AZ","Eminem"
"N.W.A","Eminem"
"Prodigy","Eminem"
"Snoop Dogg","Eminem"
"OutKast","Eminem"
"X Clan","Eminem"
"Onyx","Eminem"
"Twista","Eminem"
"Randy Newman","Eminem"
"Eminem","50 Cent"
"Eminem","Bubba Sparxxx"
"Eminem","Flatbush Zombies"
"Eminem","Obie Trice"
"Eminem","Aesop Rock"
"Eminem","Anees"
"Eminem","Axel Leon"
"Eminem","B.o.B"
"Eminem","Big Sean"
"Eminem","Block B"
"Eminem","Chamillionaire"
"Eminem","DaBaby"
"Eminem","Earl Sweatshirt"
"Eminem","Florida Georgia Line"
"Eminem","G-Eazy"
"Eminem","Jay Park"
"Eminem","Jez Dior"
"Eminem","Jon Connor"
"Eminem","Kanye West"
"Eminem","Kevin Gates"
"Eminem","Lana Del Rey"
"Eminem","Lou the Human"
"Eminem","Luke Kaufman"
"Eminem","Macklemore"
"Eminem","mgk"
"Eminem","Nick Brewer"
"Eminem","Odd Future"
"Eminem","Patrick Jørgensen"
"Eminem","Prose"
"Eminem","Roam"
"Eminem","Sarai"
"Eminem","Sik World"
"Eminem","Skylar Grey"
"Eminem","That Mexican OT"
"Eminem","The Game"
"Eminem","The Streets"
"Eminem","Token"
"Eminem","Tyga"
"Eminem","Westside Gunn"
"Eminem","Witt Lowry"
"Eminem","Yelawolf"
"Eminem","Young Killer"
"Eminem","Audio Bullys"
"Eminem","Lily Allen"
"Sister Rosetta Tharpe","Sam Cooke"
"Willie Mae Ford Smith","Sam Cooke"
"L.C. Cooke","Sam Cooke"
"Nat King Cole","Sam Cooke"
"Pilgrim Travelers","Sam Cooke"
"Rev. Thomas A. Dorsey","Sam Cooke"
"Sammy Davis, Jr.","Sam Cooke"
"Billie Holiday","Sam Cooke"
"Billy Eckstine","Sam Cooke"
"The Dixie Hummingbirds","Sam Cooke"
"Sam Cooke","Al Green"
"Sam Cooke","Aretha Franklin"
"Sam Cooke","Ben E. King"
"Sam Cooke","Bobby Womack"
"Sam Cooke","Curtis Mayfield"
"Sam Cooke","Lou Rawls"
"Sam Cooke","Otis Redding"
"Sam Cooke","Rod Stewart"
"Sam Cooke","The Staple Singers"
"Sam Cooke","Aaron Neville"
"Sam Cooke","Harold Melvin & the Blue Notes"
"Sam Cooke","James Carr"
"Sam Cooke","Johnnie Taylor"
"Sam Cooke","Leon Haywood"
"Sam Cooke","Luther Ingram"
"Sam Cooke","Luther Vandross"
"Sam Cooke","Percy Sledge"
"Sam Cooke","The Animals"
"Sam Cooke","The O'Jays"
"Sam Cooke","Tyrone Davis"
"Sam Cooke","Van Morrison"
"Sam Cooke","Wilson Pickett"
"Sam Cooke","Adam Lambert"
"Sam Cooke","Allen Toussaint"
"Sam Cooke","Arthur Conley"
"Sam Cooke","Baby Huey"
"Sam Cooke","Donny Hathaway"
"Sam Cooke","Eddie Floyd"
"Sam Cooke","Gene Chandler"
"Sam Cooke","Herb Alpert"
"Sam Cooke","Johnny Nash"
"Sam Cooke","Leonard Cohen"
"Sam Cooke","Marilyn Scott"
"Sam Cooke","Neville Brothers"
"Sam Cooke","Sugar Pie DeSanto"
"Sam Cooke","Ted Hawkins"
"Sam Cooke","William Bell"
"Sam Cooke","Z.Z. Hill"
"Sam Cooke","Babyface"
"Sam Cooke","Chuck Jackson"
"Sam Cooke","Dee Clark"
"Sam Cooke","Freddie Jackson"
"Sam Cooke","Barrence Whitfield"
"Sam Cooke","Barrett Baber"
"Sam Cooke","Barry White"
"Sam Cooke","Black Pumas"
"Sam Cooke","Dennis Alcapone"
"Sam Cooke","Esmé Patterson"
"Sam Cooke","Frankie Miller"
"Sam Cooke","Garnet Mimms"
"Sam Cooke","Jalen Ngonda"
"Sam Cooke","James Blake"
"Sam Cooke","Kevin Garrett"
"Sam Cooke","Little Peggy March"
"Sam Cooke","The Mighty Sceptres"
"Sam Cooke","The Persuaders"
"Sam Cooke","The Righteous Brothers"
"Sam Cooke","The Womack Sisters"
"Sam Cooke","Z-Ro"
"Little Richard","Otis Redding"
"Big Joe Turner","Otis Redding"
"Charles Brown","Otis Redding"
"Fats Domino","Otis Redding"
"Ben E. King","Otis Redding"
"Etta James","Otis Redding"
"Hank Ballard & the Midnighters","Otis Redding"
"Joe Liggins","Otis Redding"
"Johnny Adams","Otis Redding"
"Johnny Jenkins","Otis Redding"
"Roy Brown","Otis Redding"
"Ruth Brown","Otis Redding"
"Brook Benton","Otis Redding"
"Otis Redding","Al Green"
"Otis Redding","Bill Withers"
"Otis Redding","Isaac Hayes"
"Otis Redding","Joe Cocker"
"Otis Redding","Rod Stewart"
"Otis Redding","Ann Peebles"
"Otis Redding","Clarence Carter"
"Otis Redding","Donny Hathaway"
"Otis Redding","James Carr"
"Otis Redding","Janis Joplin"
"Otis Redding","Lionel Richie"
"Otis Redding","Luther Ingram"
"Otis Redding","Otis Clay"
"Otis Redding","Robert Cray"
"Otis Redding","Robert Palmer"
"Otis Redding","Sly & the Family Stone"
"Otis Redding","Swamp Dogg"
"Otis Redding","The Chambers Brothers"
"Otis Redding","Z.Z. Hill"
"Otis Redding","Billy Preston"
"Otis Redding","Buddy Miles"
"Otis Redding","Candi Staton"
"Otis Redding","Daryl Hall & John Oates"
"Otis Redding","Eddie Hinton"
"Otis Redding","Elvis Costello"
"Otis Redding","Frederick Knight"
"Otis Redding","Little Buster"
"Otis Redding","Maxwell"
"Otis Redding","Michael Bolton"
"Otis Redding","Michael McDonald"
"Otis Redding","Mighty Sam McClain"
"Otis Redding","Nick Lowe"
"Otis Redding","Paul Carrack"
"Otis Redding","Sharon Jones & the Dap-Kings"
"Otis Redding","Simply Red"
"Otis Redding","Southside Johnny"
"Otis Redding","Ted Hawkins"
"Otis Redding","Terence Trent D'Arby"
"Otis Redding","The Blues Brothers"
"Otis Redding","The Box Tops"
"Otis Redding","The Holmes Brothers"
"Otis Redding","Van Morrison"
"Otis Redding","Willie Hutch"
"Otis Redding","Blood, Sweat & Tears"
"Otis Redding","Gerald Levert"
"Otis Redding","JJ Grey"
"Otis Redding","King Ernest"
"Otis Redding","Luther Vandross"
"Otis Redding","Marvin Sease"
"Otis Redding","Toots & the Maytals"
"Otis Redding","Wet Willie"
"Otis Redding","Alabama Shakes"
"Otis Redding","Chris Stapleton"
"Otis Redding","Darius Rucker"
"Otis Redding","Durand Jones"
"Otis Redding","Frankie Miller"
"Otis Redding","Huey Lewis"
"Otis Redding","Joe Higgs"
"Otis Redding","Oliver Mtukudzi"
"Otis Redding","Paul Stanley's Soul Station"
"Otis Redding","The Equals"
"Otis Redding","The Intruders"
"Otis Redding","Tucker Wetmore"
"Otis Redding","Warren Haynes"
"Otis Redding","Whissell"
"Otis Redding","Will Jay"
"Frank Zappa","Parliament"
"Jimi Hendrix","Parliament"
"Sly & the Family Stone","Parliament"
"The Chambers Brothers","Parliament"
"The Temptations","Parliament"
"Captain Beefheart","Parliament"
"Rufus Thomas","Parliament"
"The Coasters","Parliament"
"The Impressions","Parliament"
"The Mar-Keys","Parliament"
"Frankie Lymon","Parliament"
"Parliament","Afrika Bambaataa"
"Parliament","Chic"
"Parliament","Commodores"
"Parliament","Dr. Dre"
"Parliament","Earth, Wind & Fire"
"Parliament","OutKast"
"Parliament","Rick James"
"Parliament","Snoop Dogg"
"Parliament","The Gap Band"
"Parliament","Zapp"
"Parliament","B.T. Express"
"Parliament","Bernie Worrell"
"Parliament","Blowfly"
"Parliament","Brass Construction"
"Parliament","Brick"
"Parliament","Cameo"
"Parliament","Defunkt"
"Parliament","Fishbone"
"Parliament","Jungle Brothers"
"Parliament","Living Colour"
"Parliament","Morris Day"
"Parliament","N.W.A"
"Parliament","Ray Parker, Jr."
"Parliament","Red Hot Chili Peppers"
"Parliament","Run-D.M.C."
"Parliament","Slave"
"Parliament","The 2 Live Crew"
"Parliament","A Certain Ratio"
"Parliament","Boo-Yaa T.R.I.B.E."
"Parliament","Chuck Brown"
"Parliament","Coolio"
"Parliament","Cypress Hill"
"Parliament","Digital Underground"
"Parliament","E.U."
"Parliament","EPMD"
"Parliament","Eric B. & Rakim"
"Parliament","Faith No More"
"Parliament","Galactic"
"Parliament","Hashim"
"Parliament","Kurtis Blow"
"Parliament","Mantronix"
"Parliament","Material"
"Parliament","Praxis"
"Parliament","Rose Royce"
"Parliament","Schoolly D"
"Parliament","Seal"
"Parliament","Sir Mix-A-Lot"
"Parliament","The Egyptian Lover"
"Parliament","The Family Stand"
"Parliament","The Village People"
"Parliament","Tom Tom Club"
"Parliament","Warren G"
"Parliament","Was (Not Was)"
"Parliament","Whodini"
"Parliament","Coldcut"
"Parliament","Deee-Lite"
"Parliament","Happy Mondays"
"Parliament","Jamiroquai"
"Parliament","Kay-Gee's"
"Parliament","Man Parrish"
"Parliament","Meresha"
"Parliament","Nate Dogg"
"Parliament","Primal Scream"
"Parliament","Redman"
"Parliament","Uncle Jamm's Army"
"Parliament","Was"
"Parliament","André Cymone"
"Parliament","Big Boi"
"Parliament","Double Exposure"
"Parliament","Dr. Octagon"
"Parliament","Faze-O"
"Parliament","Mark Ronson"
"Parliament","Mass Production"
"Parliament","Roger"
"Parliament","Snap!"
"Parliament","Trouble Funk"
"Parliament","TWRP"
"Billie Holiday","Aretha Franklin"
"Clara Ward","Aretha Franklin"
"Dinah Washington","Aretha Franklin"
"Mahalia Jackson","Aretha Franklin"
"Ruth Brown","Aretha Franklin"
"Sarah Vaughan","Aretha Franklin"
"Big Maybelle","Aretha Franklin"
"Sister Rosetta Tharpe","Aretha Franklin"
"Willie Mae Ford Smith","Aretha Franklin"
"Wynona Carr","Aretha Franklin"
"Bessie Smith","Aretha Franklin"
"Dorothy Love Coates","Aretha Franklin"
"Ella Fitzgerald","Aretha Franklin"
"Esther Phillips","Aretha Franklin"
"James Cleveland","Aretha Franklin"
"Johnny Ace","Aretha Franklin"
"LaVern Baker","Aretha Franklin"
"Ma Rainey","Aretha Franklin"
"Nat King Cole","Aretha Franklin"
"Nina Simone","Aretha Franklin"
"Arizona Dranes","Aretha Franklin"
"Aretha Franklin","Donna Summer"
"Aretha Franklin","Mary J. Blige"
"Aretha Franklin","Natalie Cole"
"Aretha Franklin","Patti LaBelle"
"Aretha Franklin","Whitney Houston"
"Aretha Franklin","Adele"
"Aretha Franklin","Cassandra Wilson"
"Aretha Franklin","Chaka Khan"
"Aretha Franklin","Demi Lovato"
"Aretha Franklin","Deniece Williams"
"Aretha Franklin","Dorothy Combs"
"Aretha Franklin","Janis Joplin"
"Aretha Franklin","Jill Scott"
"Aretha Franklin","Joan Armatrading"
"Aretha Franklin","Minnie Riperton"
"Aretha Franklin","Roberta Flack"
"Aretha Franklin","Sister Sledge"
"Aretha Franklin","The Pointer Sisters"
"Aretha Franklin","Vanessa Williams"
"Aretha Franklin","Alicia Keys"
"Aretha Franklin","Annie Lennox"
"Aretha Franklin","Donnie McClurkin"
"Aretha Franklin","Gladys Knight"
"Aretha Franklin","Gloria Gaynor"
"Aretha Franklin","Jennifer Hudson"
"Aretha Franklin","Joss Stone"
"Aretha Franklin","Mariah Carey"
"Aretha Franklin","Oleta Adams"
"Aretha Franklin","Vanessa Bell Armstrong"
"Aretha Franklin","Ann Peebles"
"Aretha Franklin","Brenda Russell"
"Aretha Franklin","Candi Staton"
"Aretha Franklin","Fantasia"
"Aretha Franklin","Marilyn Scott"
"Aretha Franklin","Sia"
"Aretha Franklin","Agnez Mo"
"Aretha Franklin","Angela Winbush"
"Aretha Franklin","Chloe George"
"Aretha Franklin","Cleo Sol"
"Aretha Franklin","Dee Dee Sharp"
"Aretha Franklin","GAYLE"
"Aretha Franklin","Idina Menzel"
"Aretha Franklin","Joelle James"
"Aretha Franklin","Juanes"
"Aretha Franklin","Katharine McPhee"
"Aretha Franklin","Madeline the Person"
"Aretha Franklin","Michael McDonald"
"Aretha Franklin","Michael W. Smith"
"Aretha Franklin","Randy Crawford"
"Aretha Franklin","Ryland James"
"Aretha Franklin","Sally Barker"
"Aretha Franklin","Sharon Jones"
"Aretha Franklin","Thelma Houston"
"Aretha Franklin","Whissell"
"Aretha Franklin","Will Jay"
"Dr. Feelgood","Gang of Four"
"Henry Cow","Gang of Four"
"Lee ""Scratch"" Perry","Gang of Four"
"Pere Ubu","Gang of Four"
"Television","Gang of Four"
"Free","Gang of Four"
"Jimi Hendrix","Gang of Four"
"Gang of Four","Bad Religion"
"Gang of Four","Fugazi"
"Gang of Four","Minutemen"
"Gang of Four","Mission of Burma"
"Gang of Four","Red Hot Chili Peppers"
"Gang of Four","Big Black"
"Gang of Four","DNA"
"Gang of Four","Franz Ferdinand"
"Gang of Four","Liars"
"Gang of Four","Naked Raygun"
"Gang of Four","R.E.M."
"Gang of Four","Rage Against the Machine"
"Gang of Four","Rites of Spring"
"Gang of Four","Ted Leo & the Pharmacists"
"Gang of Four","The Jesus Lizard"
"Gang of Four","The Mekons"
"Gang of Four","!!!"
"Gang of Four","Band of Susans"
"Gang of Four","bIG fLAME"
"Gang of Four","Bloc Party"
"Gang of Four","Erase Errata"
"Gang of Four","Hot Hot Heat"
"Gang of Four","Jawbox"
"Gang of Four","Kaiser Chiefs"
"Gang of Four","Life Without Buildings"
"Gang of Four","Morphine"
"Gang of Four","Six Finger Satellite"
"Gang of Four","The Call"
"Gang of Four","The Dismemberment Plan"
"Gang of Four","The Futureheads"
"Gang of Four","The Killers"
"Gang of Four","The Rapture"
"Gang of Four","The Sugarcubes"
"Gang of Four","Wall of Voodoo"
"Gang of Four","Art Brut"
"Gang of Four","Editors"
"Gang of Four","Girls Against Boys"
"Gang of Four","Horsegirl"
"Gang of Four","MEN"
"Gang of Four","Moving Units"
"Gang of Four","New Young Pony Club"
"Gang of Four","Oxford Collapse"
"Gang of Four","Pretty Girls Make Graves"
"Gang of Four","Radio 4"
"Gang of Four","Razorlight"
"Gang of Four","Trenchmouth"
"Gang of Four","TV Eyes"
"Gang of Four","B Boys"
"Gang of Four","Diablo Blvd"
"Gang of Four","Facs"
"Gang of Four","Portugal. The Man"
"Gang of Four","Sweeping Promises"
"Eric B. & Rakim","Jay-Z"
"Kool G Rap","Jay-Z"
"Kool G Rap & DJ Polo","Jay-Z"
"LL Cool J","Jay-Z"
"2Pac","Jay-Z"
"Rakim","Jay-Z"
"Doug E. Fresh","Jay-Z"
"Gang Starr","Jay-Z"
"Marley Marl","Jay-Z"
"Run-D.M.C.","Jay-Z"
"Diana Ross","Jay-Z"
"Slick Rick","Jay-Z"
"EPMD","Jay-Z"
"Main Source","Jay-Z"
"Jay-Z","Fabolous"
"Jay-Z","J Balvin"
"Jay-Z","Lupe Fiasco"
"Jay-Z","DMX"
"Jay-Z","Freeway"
"Jay-Z","Iggy Azalea"
"Jay-Z","Ja Rule"
"Jay-Z","Jeezy"
"Jay-Z","Kanye West"
"Jay-Z","T.I."
"Jay-Z","Devin"
"Jay-Z","Guilty Simpson"
"Jay-Z","21 Savage"
"Jay-Z","A$AP Rocky"
"Jay-Z","A$AP Twelvyy"
"Jay-Z","Avenue"
"Jay-Z","Axel Leon"
"Jay-Z","Bas"
"Jay-Z","Big Sean"
"Jay-Z","Bre-Z"
"Jay-Z","CJ Fly"
"Jay-Z","D Smoke"
"Jay-Z","Dame D.O.L.L.A."
"Jay-Z","DeeWain"
"Jay-Z","Dua Lipa"
"Jay-Z","Earl Sweatshirt"
"Jay-Z","Far East Movement"
"Jay-Z","Flatbush Zombies"
"Jay-Z","Frank Ocean"
"Jay-Z","G Perico"
"Jay-Z","J-Hood"
"Jay-Z","J. Cole"
"Jay-Z","Jay Park"
"Jay-Z","Jean Grae"
"Jay-Z","Joseph Angel"
"Jay-Z","Kevin Gates"
"Jay-Z","Lil Tjay"
"Jay-Z","Logic"
"Jay-Z","Meek Mill"
"Jay-Z","Megan Thee Stallion"
"Jay-Z","Migos"
"Jay-Z","Nick de la Hoyde"
"Jay-Z","Nick Grant"
"Jay-Z","Rapsody"
"Jay-Z","Royce da 5'9"""
"Jay-Z","Sam Lao"
"Jay-Z","The Murderers"
"Jay-Z","Trip Lee"
"Jay-Z","Tunji Ige"
"Jay-Z","TWRK"
"Jay-Z","Tyga"
"Jay-Z","Tyke T"
"Jay-Z","Aesop Rock"
"Jay-Z","Drag-On"
"Jay-Z","Joe Budden"
"Jay-Z","Lil' Cease"
"Jay-Z","Ms. Jade"
"Jay-Z","Sauce Money"
"Jay-Z","Memphis Bleek"
"Art Tatum","Charlie Parker"
"Buster Smith","Charlie Parker"
"Count Basie","Charlie Parker"
"Lester Young","Charlie Parker"
"Ben Webster","Charlie Parker"
"Benny Carter","Charlie Parker"
"Coleman Hawkins","Charlie Parker"
"Don Byas","Charlie Parker"
"Illinois Jacquet","Charlie Parker"
"Jay McShann","Charlie Parker"
"Johnny Hodges","Charlie Parker"
"Louis Armstrong","Charlie Parker"
"Roy Eldridge","Charlie Parker"
"Charlie Parker","Cannonball Adderley"
"Charlie Parker","Chet Baker"
"Charlie Parker","Eric Dolphy"
"Charlie Parker","Jackie McLean"
"Charlie Parker","Lee Konitz"
"Charlie Parker","Lou Donaldson"
"Charlie Parker","Phil Woods"
"Charlie Parker","Sonny Rollins"
"Charlie Parker","Sonny Stitt"
"Charlie Parker","Albert Ayler"
"Charlie Parker","Branford Marsalis"
"Charlie Parker","Charles McPherson"
"Charlie Parker","Charlie Haden"
"Charlie Parker","Frank Morgan"
"Charlie Parker","Herbie Hancock"
"Charlie Parker","Kenny G"
"Charlie Parker","Rudolph Johnson"
"Charlie Parker","Alex Garnett"
"Charlie Parker","Barre Phillips"
"Charlie Parker","Ellis Marsalis"
"Charlie Parker","George Howard"
"Art Tatum","Thelonious Monk"
"Duke Ellington","Thelonious Monk"
"Fats Waller","Thelonious Monk"
"Teddy Wilson","Thelonious Monk"
"Claude Debussy","Thelonious Monk"
"Count Basie","Thelonious Monk"
"Erik Satie","Thelonious Monk"
"Erskine Hawkins","Thelonious Monk"
"James P. Johnson","Thelonious Monk"
"Jelly Roll Morton","Thelonious Monk"
"Willie ""The Lion"" Smith","Thelonious Monk"
"Coleman Hawkins","Thelonious Monk"
"Luckey Roberts","Thelonious Monk"
"Scott Joplin","Thelonious Monk"
"Thelonious Monk","Captain Beefheart"
"Thelonious Monk","Cecil Taylor"
"Thelonious Monk","Charles Mingus"
"Thelonious Monk","Chick Corea"
"Thelonious Monk","McCoy Tyner"
"Thelonious Monk","Mike Dillon"
"Thelonious Monk","Rahsaan Roland Kirk"
"Thelonious Monk","Steve Lacy"
"Thelonious Monk","Abdullah Ibrahim"
"Thelonious Monk","Andrew Hill"
"Thelonious Monk","Anthony Braxton"
"Thelonious Monk","Bill Evans"
"Thelonious Monk","Billy Taylor"
"Thelonious Monk","Cedar Walton"
"Thelonious Monk","Dick Wellstood"
"Thelonious Monk","Hal Willner"
"Thelonious Monk","Jon Batiste"
"Thelonious Monk","Mary Lou Williams"
"Thelonious Monk","Ornette Coleman"
"Thelonious Monk","Paul Bley"
"Thelonious Monk","Paul Motian"
"Thelonious Monk","Randy Weston"
"Thelonious Monk","Sphere"
"Thelonious Monk","Tom Waits"
"Thelonious Monk","Arthur Blythe"
"Thelonious Monk","Barry Harris"
"Thelonious Monk","Carla Bley"
"Thelonious Monk","Charlie Hunter"
"Thelonious Monk","Eddie Palmieri"
"Thelonious Monk","George Russell"
"Thelonious Monk","Harry Connick, Jr."
"Thelonious Monk","Herbie Hancock"
"Thelonious Monk","Herbie Nichols"
"Thelonious Monk","Horace Silver"
"Thelonious Monk","Jamie Cullum"
"Thelonious Monk","Jean-Luc Ponty"
"Thelonious Monk","Joni Mitchell"
"Thelonious Monk","Mal Waldron"
"Thelonious Monk","Marcus Roberts"
"Thelonious Monk","Michel Legrand"
"Thelonious Monk","Mose Allison"
"Thelonious Monk","Ran Blake"
"Thelonious Monk","Roswell Rudd"
"Thelonious Monk","Sonny Rollins"
"Thelonious Monk","Teddy Charles"
"Thelonious Monk","The Lounge Lizards"
"Thelonious Monk","Allen Ginsberg"
"Thelonious Monk","Bobby Hutcherson"
"Thelonious Monk","Dave Holland"
"Thelonious Monk","Elmo Hope"
"Thelonious Monk","Enrico Rava"
"Thelonious Monk","Eric Dolphy"
"Thelonious Monk","Ethan Iverson"
"Thelonious Monk","Fred Hersch"
"Thelonious Monk","Kenny Barron"
"Thelonious Monk","Kenny Dorham"
"Thelonious Monk","Lalo Schifrin"
"Thelonious Monk","Lisa Hilton"
"Thelonious Monk","Marilyn Crispell"
"Thelonious Monk","Matthew Shipp"
"Thelonious Monk","Mulatu Astatke"
"Thelonious Monk","Spyro Gyra"
"Thelonious Monk","Wynton Marsalis"
"Thelonious Monk","Amon Tobin"
"Thelonious Monk","Donald Fagen"
"Thelonious Monk","Ellis Marsalis"
"Thelonious Monk","Eric Mintel"
"Thelonious Monk","Fredrik Nordström"
"Thelonious Monk","Gonzalo Rubalcaba"
"Thelonious Monk","James Supercave"
"Thelonious Monk","Mathias Højgaard Jensen"
"Thelonious Monk","Orange Then Blue"
"Thelonious Monk","Robert Glasper Experiment"
"Thelonious Monk","T.J. Kirk"
"Thelonious Monk","The Bad Plus"
"Thelonious Monk","The Industrial Jazz Group"
"Thelonious Monk","Umberto Petrin"